﻿<?xml version="1.0" encoding="utf-8" ?>
<Deployment xmlns="http://schemas.microsoft.com/windowsphone/2009/deployment" AppPlatformVersion="7.0">
  <App xmlns="" ProductID="{4927be29-844b-4e07-83f2-25490ec1399d}" Title="Collision" RuntimeType="XNA" Version="1.0.0.0" Genre="Apps.Normal" Author="" Description="" Publisher="">
    <IconPath IsRelative="true" IsResource="false">GameThumbnail.png</IconPath>
    <Capabilities />
    <Tasks>
      <DefaultTask Name="_default" />
    </Tasks>
    <Tokens>
      <PrimaryToken TokenID="CollisionToken" TaskName="_default">
        <TemplateType5>
          <BackgroundImageURI IsRelative="true" IsResource="false">GameThumbnail.png</BackgroundImageURI>
          <Count>0</Count>
          <Title>Collision</Title>
        </TemplateType5>
      </PrimaryToken>
    </Tokens>
  </App>
</Deployment>

