<?xml version="1.0"?>
<LightList xmlns:xsi="http://www.w3.org/2001/XMLSchema-instance" xmlns:xsd="http://www.w3.org/2001/XMLSchema">
  <ambient>
    <X>0.2</X>
    <Y>0.2</Y>
    <Z>0.2</Z>
  </ambient>
  <lights>
    <Light>
        <position>
            <X>0</X>
            <Y>500</Y>
            <Z>0</Z>
        </position>
        <radius>1000</radius>
        <color>
            <X>0.7</X>
            <Y>0.7</Y>
            <Z>0.7</Z>
        </color>
    </Light>
  </lights>
</LightList>