﻿<?xml version="1.0" encoding="utf-8" ?>
<Deployment xmlns="http://schemas.microsoft.com/windowsphone/2009/deployment" AppPlatformVersion="7.0">
  <App xmlns="" ProductID="{4286f5b0-df39-4239-9dbe-d865cc190237}" Title="TouchGestureSample" RuntimeType="XNA" Version="1.0.0.0" Genre="Apps.Normal" Author="" Description="" Publisher="">
    <IconPath IsRelative="true" IsResource="false"></IconPath>
    <Capabilities>
        <Capability Name="ID_CAP_NETWORKING" />
        <Capability Name="ID_CAP_LOCATION" />
        <Capability Name="ID_CAP_SENSORS" />
        <Capability Name="ID_CAP_MICROPHONE" />
        <Capability Name="ID_CAP_MEDIALIB" />
        <Capability Name="ID_CAP_GAMERSERVICES" />
        <Capability Name="ID_CAP_PHONEDIALER" />
        <Capability Name="ID_CAP_PUSH_NOTIFICATION" />
        <Capability Name="ID_CAP_WEBBROWSERCOMPONENT" />
    </Capabilities>
    <Tasks>
      <DefaultTask Name="_default"/>
    </Tasks>
    <Tokens>
      <PrimaryToken TokenID="TouchGestureSampleToken" TaskName="_default">
        <TemplateType5>
          <BackgroundImageURI IsRelative="true" IsResource="false"></BackgroundImageURI>
          <Count>0</Count>
          <Title></Title>
        </TemplateType5>
      </PrimaryToken>
    </Tokens>
  </App>
</Deployment>

