<?xml version="1.0"?>
<EntityList xmlns:xsi="http://www.w3.org/2001/XMLSchema-instance" xmlns:xsd="http://www.w3.org/2001/XMLSchema">
    <entities>
        <Entity>
            <name>energy</name>
            <transform>
                <M11>1</M11>
                <M12>0</M12>
                <M13>0</M13>
                <M14>0</M14>
                <M21>0</M21>
                <M22>1</M22>
                <M23>0</M23>
                <M24>0</M24>
                <M31>0</M31>
                <M32>0</M32>
                <M33>1</M33>
                <M34>0</M34>
                <M41>2995</M41>
                <M42>-237</M42>
                <M43>-2373</M43>
                <M44>1</M44>
            </transform>
        </Entity>
        <Entity>
            <name>missile</name>
            <transform>
                <M11>-1</M11>
                <M12>0</M12>
                <M13>0</M13>
                <M14>0</M14>
                <M21>0</M21>
                <M22>1</M22>
                <M23>0</M23>
                <M24>0</M24>
                <M31>0</M31>
                <M32>0</M32>
                <M33>-1</M33>
                <M34>0</M34>
                <M41>1136</M41>
                <M42>-237</M42>
                <M43>-2373</M43>
                <M44>1</M44>
            </transform>
        </Entity>
        <Entity>
            <name>energy</name>
            <transform>
                <M11>-1</M11>
                <M12>0</M12>
                <M13>0</M13>
                <M14>0</M14>
                <M21>0</M21>
                <M22>1</M22>
                <M23>0</M23>
                <M24>0</M24>
                <M31>0</M31>
                <M32>0</M32>
                <M33>-1</M33>
                <M34>0</M34>
                <M41>1136</M41>
                <M42>-237</M42>
                <M43>2470</M43>
                <M44>1</M44>
            </transform>
        </Entity>
        <Entity>
            <name>missile</name>
            <transform>
                <M11>-1</M11>
                <M12>0</M12>
                <M13>0</M13>
                <M14>0</M14>
                <M21>0</M21>
                <M22>1</M22>
                <M23>0</M23>
                <M24>0</M24>
                <M31>0</M31>
                <M32>0</M32>
                <M33>-1</M33>
                <M34>0</M34>
                <M41>2995</M41>
                <M42>-237</M42>
                <M43>2470</M43>
                <M44>1</M44>
            </transform>
        </Entity>
    </entities>
</EntityList>