﻿<?xml version="1.0" encoding="utf-8"?>
<XnaContent>
  <Asset Type="RolePlayingGameData.CharacterClass">
    <Name>Mystic</Name>
    <InitialStatistics>
      <HealthPoints>30</HealthPoints>
      <MagicPoints>35</MagicPoints>
      <PhysicalOffense>15</PhysicalOffense>
      <PhysicalDefense>15</PhysicalDefense>
      <MagicalOffense>15</MagicalOffense>
      <MagicalDefense>15</MagicalDefense>
    </InitialStatistics>
    <LevelingStatistics>
      <HealthPointsIncrease>10</HealthPointsIncrease>
      <LevelsPerHealthPointsIncrease>1</LevelsPerHealthPointsIncrease>
      <MagicPointsIncrease>10</MagicPointsIncrease>
      <LevelsPerMagicPointsIncrease>1</LevelsPerMagicPointsIncrease>
      <PhysicalOffenseIncrease>2</PhysicalOffenseIncrease>
      <LevelsPerPhysicalOffenseIncrease>1</LevelsPerPhysicalOffenseIncrease>
      <PhysicalDefenseIncrease>2</PhysicalDefenseIncrease>
      <LevelsPerPhysicalDefenseIncrease>1</LevelsPerPhysicalDefenseIncrease>
      <MagicalOffenseIncrease>2</MagicalOffenseIncrease>
      <LevelsPerMagicalOffenseIncrease>1</LevelsPerMagicalOffenseIncrease>
      <MagicalDefenseIncrease>2</MagicalDefenseIncrease>
      <LevelsPerMagicalDefenseIncrease>1</LevelsPerMagicalDefenseIncrease>
    </LevelingStatistics>
    <LevelEntries>
      <Item>
        <ExperiencePoints>100</ExperiencePoints>
        <SpellContentNames>
          <Item>FireBolt</Item>
        </SpellContentNames>
      </Item>
      <Item>
        <ExperiencePoints>150</ExperiencePoints>
        <SpellContentNames>
          <Item>IceBolt</Item>
        </SpellContentNames>
      </Item>
      <Item>
        <ExperiencePoints>200</ExperiencePoints>
        <SpellContentNames>
          <Item>Heal</Item>
        </SpellContentNames>
      </Item>
      <Item>
        <ExperiencePoints>250</ExperiencePoints>
        <SpellContentNames>
          <Item>FireBlast</Item>
        </SpellContentNames>
      </Item>
      <Item>
        <ExperiencePoints>300</ExperiencePoints>
        <SpellContentNames>
          <Item>IceBlast</Item>
        </SpellContentNames>
      </Item>
      <Item>
        <ExperiencePoints>350</ExperiencePoints>
        <SpellContentNames>
          <Item>FireBlast</Item>
        </SpellContentNames>
      </Item>
      <Item>
        <ExperiencePoints>400</ExperiencePoints>
        <SpellContentNames>
          <Item>IceBlast</Item>
        </SpellContentNames>
      </Item>
      <Item>
        <ExperiencePoints>450</ExperiencePoints>
        <SpellContentNames>
          <Item>SuperHeal</Item>
        </SpellContentNames>
      </Item>
      <Item>
        <ExperiencePoints>500</ExperiencePoints>
        <SpellContentNames />
      </Item>
      <Item>
        <ExperiencePoints>550</ExperiencePoints>
        <SpellContentNames>
          <Item>SuperHeal</Item>
        </SpellContentNames>
      </Item>
      <Item>
        <ExperiencePoints>600</ExperiencePoints>
        <SpellContentNames>
          <Item>SuperHeal</Item>
        </SpellContentNames>
      </Item>
      <Item>
        <ExperiencePoints>650</ExperiencePoints>
        <SpellContentNames>
          <Item>SuperHeal</Item>
        </SpellContentNames>
      </Item>
      <Item>
        <ExperiencePoints>700</ExperiencePoints>
        <SpellContentNames>
          <Item>SuperHeal</Item>
        </SpellContentNames>
      </Item>
      <Item>
        <ExperiencePoints>0</ExperiencePoints>
        <SpellContentNames />
      </Item>
    </LevelEntries>
    <BaseExperienceValue>30</BaseExperienceValue>
    <BaseGoldValue>50</BaseGoldValue>
  </Asset>
</XnaContent>