﻿<?xml version="1.0" encoding="utf-8"?>
<XnaContent>
  <Asset Type="RolePlayingGameData.CharacterClass">
    <Name>Wizard</Name>
    <InitialStatistics>
      <HealthPoints>20</HealthPoints>
      <MagicPoints>20</MagicPoints>
      <PhysicalOffense>5</PhysicalOffense>
      <PhysicalDefense>5</PhysicalDefense>
      <MagicalOffense>10</MagicalOffense>
      <MagicalDefense>10</MagicalDefense>
    </InitialStatistics>
    <LevelingStatistics>
      <HealthPointsIncrease>5</HealthPointsIncrease>
      <LevelsPerHealthPointsIncrease>1</LevelsPerHealthPointsIncrease>
      <MagicPointsIncrease>10</MagicPointsIncrease>
      <LevelsPerMagicPointsIncrease>1</LevelsPerMagicPointsIncrease>
      <PhysicalOffenseIncrease>1</PhysicalOffenseIncrease>
      <LevelsPerPhysicalOffenseIncrease>1</LevelsPerPhysicalOffenseIncrease>
      <PhysicalDefenseIncrease>1</PhysicalDefenseIncrease>
      <LevelsPerPhysicalDefenseIncrease>1</LevelsPerPhysicalDefenseIncrease>
      <MagicalOffenseIncrease>2</MagicalOffenseIncrease>
      <LevelsPerMagicalOffenseIncrease>1</LevelsPerMagicalOffenseIncrease>
      <MagicalDefenseIncrease>3</MagicalDefenseIncrease>
      <LevelsPerMagicalDefenseIncrease>1</LevelsPerMagicalDefenseIncrease>
    </LevelingStatistics>
    <LevelEntries>
      <Item>
        <ExperiencePoints>100</ExperiencePoints>
        <SpellContentNames>
          <Item>FireBolt</Item>
        </SpellContentNames>
      </Item>
      <Item>
        <ExperiencePoints>150</ExperiencePoints>
        <SpellContentNames>
          <Item>MinorHeal</Item>
        </SpellContentNames>
      </Item>
      <Item>
        <ExperiencePoints>200</ExperiencePoints>
        <SpellContentNames>
          <Item>IceBolt</Item>
        </SpellContentNames>
      </Item>
      <Item>
        <ExperiencePoints>250</ExperiencePoints>
        <SpellContentNames>
          <Item>FireBolt</Item>
        </SpellContentNames>
      </Item>
      <Item>
        <ExperiencePoints>300</ExperiencePoints>
        <SpellContentNames>
          <Item>MinorHeal</Item>
        </SpellContentNames>
      </Item>
      <Item>
        <ExperiencePoints>350</ExperiencePoints>
        <SpellContentNames>
          <Item>IceBolt</Item>
        </SpellContentNames>
      </Item>
      <Item>
        <ExperiencePoints>400</ExperiencePoints>
        <SpellContentNames>
          <Item>FireBlast</Item>
        </SpellContentNames>
      </Item>
      <Item>
        <ExperiencePoints>450</ExperiencePoints>
        <SpellContentNames>
          <Item>Heal</Item>
        </SpellContentNames>
      </Item>
      <Item>
        <ExperiencePoints>500</ExperiencePoints>
        <SpellContentNames>
          <Item>IceBlast</Item>
        </SpellContentNames>
      </Item>
      <Item>
        <ExperiencePoints>550</ExperiencePoints>
        <SpellContentNames>
          <Item>FireBlast</Item>
        </SpellContentNames>
      </Item>
      <Item>
        <ExperiencePoints>600</ExperiencePoints>
        <SpellContentNames>
          <Item>Heal</Item>
        </SpellContentNames>
      </Item>
      <Item>
        <ExperiencePoints>650</ExperiencePoints>
        <SpellContentNames>
          <Item>IceBlast</Item>
        </SpellContentNames>
      </Item>
      <Item>
        <ExperiencePoints>700</ExperiencePoints>
        <SpellContentNames>
          <Item>MassHeal</Item>
        </SpellContentNames>
      </Item>
      <Item>
        <ExperiencePoints>750</ExperiencePoints>
        <SpellContentNames>
          <Item>FireBlast</Item>
        </SpellContentNames>
      </Item>
      <Item>
        <ExperiencePoints>800</ExperiencePoints>
        <SpellContentNames>
          <Item>IceBlast</Item>
        </SpellContentNames>
      </Item>
      <Item>
        <ExperiencePoints>0</ExperiencePoints>
        <SpellContentNames>
          <Item>FireBomb</Item>
        </SpellContentNames>
      </Item>
    </LevelEntries>
    <BaseExperienceValue>20</BaseExperienceValue>
    <BaseGoldValue>10</BaseGoldValue>
  </Asset>
</XnaContent>