﻿<?xml version="1.0" encoding="utf-8" ?>
<Deployment xmlns="http://schemas.microsoft.com/windowsphone/2009/deployment" AppPlatformVersion="7.0">
  <App xmlns="" ProductID="{5020c4fd-2f51-4032-bad5-e81e0c63590f}" Title="PushNotificationClient" RuntimeType="XNA" Version="1.0.0.0" Genre="NormalApp" Author="" Description="" Publisher="Microsoft">
    <IconPath IsRelative="true" IsResource="false">GameThumbnail.png</IconPath>
    <Capabilities>
        <Capability Name="ID_CAP_NETWORKING" />
        <Capability Name="ID_CAP_LOCATION" />
        <Capability Name="ID_CAP_SENSORS" />
        <Capability Name="ID_CAP_MICROPHONE" />
        <Capability Name="ID_CAP_MEDIALIB" />
        <Capability Name="ID_CAP_GAMERSERVICES" />
        <Capability Name="ID_CAP_PHONEDIALER" />
        <Capability Name="ID_CAP_PUSH_NOTIFICATION" />
        <Capability Name="ID_CAP_WEBBROWSERCOMPONENT" />
    </Capabilities>
    <Tasks>
      <DefaultTask Name="_default" />
    </Tasks>
    <Tokens>
      <PrimaryToken TokenID="PushNotificationClientToken" TaskName="_default">
        <TemplateType5>
          <BackgroundImageURI IsRelative="true" IsResource="false">GameThumbnail.png</BackgroundImageURI>
          <Count>0</Count>
          <Title>PushNotificationClient</Title>
        </TemplateType5>
      </PrimaryToken>
    </Tokens>
  </App>
</Deployment>

