﻿<?xml version="1.0" encoding="utf-8"?>
<XnaContent>
  <Asset Type="RolePlayingGameData.Item">
    <Name>Fire Ball Scroll</Name>
    <Description>Casts a Fire Ball spell.</Description>
    <GoldValue>30</GoldValue>
    <IsDroppable>true</IsDroppable>
    <MinimumCharacterLevel>1</MinimumCharacterLevel>
    <SupportedClasses />
    <IconTextureName>Scroll01a</IconTextureName>
    <Usage>Combat</Usage>
    <IsOffensive>true</IsOffensive>
    <TargetDuration>0</TargetDuration>
    <TargetEffectRange>
      <HealthPointsRange>
        <Minimum>2</Minimum>
        <Maximum>6</Maximum>
      </HealthPointsRange>
      <MagicPointsRange>
        <Minimum>0</Minimum>
        <Maximum>1</Maximum>
      </MagicPointsRange>
    </TargetEffectRange>
    <AdjacentTargets>1</AdjacentTargets>
    <UsingCueName>MagicalOffense</UsingCueName>
    <TravelingCueName />
    <ImpactCueName>PlayerHit</ImpactCueName>
    <BlockCueName>MagicalDefense</BlockCueName>
    <SpellSprite>
      <TextureName>Spells\FireBallSmallSpell</TextureName>
      <FrameDimensions>48 48</FrameDimensions>
      <FramesPerRow>6</FramesPerRow>
      <SourceOffset>9 9</SourceOffset>
      <Animations>
        <Item>
          <Name>Creation</Name>
          <StartingFrame>1</StartingFrame>
          <EndingFrame>12</EndingFrame>
          <Interval>50</Interval>
          <IsLoop>false</IsLoop>
        </Item>
        <Item>
          <Name>Traveling</Name>
          <StartingFrame>13</StartingFrame>
          <EndingFrame>18</EndingFrame>
          <Interval>50</Interval>
          <IsLoop>true</IsLoop>
        </Item>
        <Item>
          <Name>Impact</Name>
          <StartingFrame>19</StartingFrame>
          <EndingFrame>24</EndingFrame>
          <Interval>50</Interval>
          <IsLoop>false</IsLoop>
        </Item>
      </Animations>
    </SpellSprite>
    <Overlay>
      <TextureName>Spells\Overlay2</TextureName>
      <FrameDimensions>105 83</FrameDimensions>
      <FramesPerRow>4</FramesPerRow>
      <Animations>
        <Item>
          <StartingFrame>1</StartingFrame>
          <EndingFrame>4</EndingFrame>
          <Interval>200</Interval>
          <IsLoop>true</IsLoop>
        </Item>
      </Animations>
    </Overlay>
  </Asset>
</XnaContent>