﻿<?xml version="1.0" encoding="utf-8"?>
<XnaContent>
  <Asset Type="RolePlayingGameData.Item">
    <Name>Glimmering Ruby</Name>
    <Description>Look at that shine!</Description>
    <GoldValue>-1</GoldValue>
    <IsDroppable>false</IsDroppable>
    <MinimumCharacterLevel>1</MinimumCharacterLevel>
    <SupportedClasses />
    <IconTextureName>Gems01b</IconTextureName>
    <Usage>0</Usage>
    <IsOffensive>false</IsOffensive>
    <TargetDuration>0</TargetDuration>
    <TargetEffectRange>
      <HealthPointsRange>
        <Minimum>3</Minimum>
        <Maximum>6</Maximum>
      </HealthPointsRange>
      <MagicPointsRange>
        <Minimum>-1</Minimum>
        <Maximum>1</Maximum>
      </MagicPointsRange>
    </TargetEffectRange>
    <AdjacentTargets>0</AdjacentTargets>
    <UsingCueName>HealPotion</UsingCueName>
    <TravelingCueName />
    <ImpactCueName>HealImpact</ImpactCueName>
    <BlockCueName>HealImpact</BlockCueName>
    <CreationSprite>
      <TextureName>Spells\Potion2c</TextureName>
      <FrameDimensions>48 48</FrameDimensions>
      <FramesPerRow>1</FramesPerRow>
      <SourceOffset>19 9</SourceOffset>
      <Animations>
        <Item>
          <Name>Creation</Name>
          <StartingFrame>1</StartingFrame>
          <EndingFrame>1</EndingFrame>
          <Interval>500</Interval>
          <IsLoop>false</IsLoop>
        </Item>
      </Animations>
    </CreationSprite>
    <SpellSprite>
      <TextureName>Spells\HealLargeSpell</TextureName>
      <FrameDimensions>48 48</FrameDimensions>
      <FramesPerRow>6</FramesPerRow>
      <SourceOffset>19 9</SourceOffset>
      <Animations>
        <Item>
          <Name>Traveling</Name>
          <StartingFrame>12</StartingFrame>
          <EndingFrame>12</EndingFrame>
          <Interval>120</Interval>
          <IsLoop>true</IsLoop>
        </Item>
        <Item>
          <Name>Impact</Name>
          <StartingFrame>13</StartingFrame>
          <EndingFrame>18</EndingFrame>
          <Interval>200</Interval>
          <IsLoop>false</IsLoop>
        </Item>
      </Animations>
    </SpellSprite>
    <Overlay>
      <TextureName>Spells\Effect3</TextureName>
      <FrameDimensions>61 98</FrameDimensions>
      <FramesPerRow>6</FramesPerRow>
      <Animations>
        <Item>
          <StartingFrame>1</StartingFrame>
          <EndingFrame>6</EndingFrame>
          <Interval>100</Interval>
          <IsLoop>false</IsLoop>
        </Item>
      </Animations>
    </Overlay>
  </Asset>
</XnaContent>