﻿<?xml version="1.0" encoding="utf-8" ?>
<XnaContent>
  <Asset Type="RolePlayingGameData.Map">
      <Name>Map012</Name>
      <MapDimensions>49 37</MapDimensions>
      <TileSize>64 64</TileSize>
      <SpawnMapPosition>43 29</SpawnMapPosition>
      <TextureName>DungeonTiles</TextureName>
      <CombatTextureName>CombatBkgdDungeon</CombatTextureName>
      <MusicCueName>DungeonTheme</MusicCueName>
      <CombatMusicCueName>BattleTheme</CombatMusicCueName>
      <BaseLayer>
          -1  -1  -1  -1  -1  -1  -1  -1  -1  -1  -1  -1  -1  -1  -1  -1  -1  -1  -1  -1  -1  -1  -1  -1  -1  -1  -1  -1  -1  -1  -1  -1  -1  -1  -1  -1  -1  -1  -1  -1  -1  -1  -1  -1  -1  -1  -1  -1  -1
          -1  -1  -1  -1  -1  -1  -1  -1  -1  -1  -1  -1  -1  -1  -1  -1  -1  -1  -1  -1  -1  -1  -1  -1  -1  -1  -1  -1  -1  -1  -1  -1  -1  -1  -1  -1  -1  -1  -1  -1  -1  -1  -1  -1  -1  -1  -1  -1  -1
          -1  -1  -1  -1  -1  -1  -1  -1  -1  19  -1  -1  -1  -1  -1  -1  -1  -1  -1  19  19  19  -1  -1  -1  -1  -1  -1  -1  -1  -1  19  -1  -1  -1  -1  -1  -1  -1  -1  -1  -1  19  -1  -1  -1  -1  -1  -1
          -1  -1  -1  -1  -1  -1  -1  -1  -1  -1  -1  -1  -1  -1  -1  -1  -1  -1  -1  -1  -1  -1  -1  -1  -1  -1  -1  -1  -1  -1  -1  -1  -1  -1  -1  -1  -1  -1  -1  -1  -1  -1  -1  -1  -1  -1  -1  -1  -1
          -1  -1  -1  -1  -1  -1  -1  -1  -1  74  74  71  -1  -1  -1  -1  -1  -1  -1  -1  74  74  71  -1  -1  -1  -1  -1  -1  -1  -1  74  74  71  -1  -1  -1  -1  -1  -1  -1  -1  74  74  71  -1  -1  -1  -1
          -1  -1  -1  -1  -1  -1  -1  -1  -1  -1  69  76  -1  -1  -1  -1  -1  -1  -1  -1  -1  69  76  -1  -1  -1  -1  -1  -1  -1  -1  -1  69  76  -1  -1  -1  -1  -1  -1  -1  -1  -1  69  76  -1  -1  -1  -1
          -1  -1  -1  -1  -1  -1  -1  -1  -1  -1  -1  -1  -1  -1  -1  -1  -1  -1  -1  -1  -1  -1  -1  -1  -1  -1  -1  -1  -1  -1  -1  -1  -1  -1  -1  -1  -1  -1  -1  -1  -1  -1  -1  -1  -1  -1  -1  -1  -1
          -1  -1  -1  -1  -1  19  -1  -1  -1  -1  -1  -1  -1  -1  19  19  -1  -1  -1  -1  -1  -1  -1  -1  -1  19  19  -1  -1  -1  -1  -1  -1  -1  -1  -1  19  19  -1  -1  -1  -1  -1  -1  -1  -1  -1  -1  -1
          -1  -1  -1  -1  -1  -1  -1  -1  -1  -1  -1  -1  -1  -1  -1  -1  -1  -1  -1  -1  -1  -1  -1  -1  -1  -1  -1  -1  -1  -1  -1  -1  -1  -1  -1  -1  -1  -1  -1  -1  -1  -1  -1  -1  -1  -1  -1  -1  -1
          -1  -1  19  -1  -1  -1  -1  -1  -1  -1  -1  -1  -1  -1  -1  -1  -1  -1  -1  -1  -1  -1  -1  -1  -1  -1  -1  -1  -1  -1  -1  -1  -1  -1  -1  -1  -1  -1  -1  -1  -1  -1  -1  -1  -1  -1  19  -1  -1
          -1  -1  -1  -1  -1  -1  -1  -1  -1  -1  -1  -1  -1  -1  -1  -1  -1  -1  -1  -1  -1  -1  -1  -1  -1  -1  -1  -1  -1  -1  -1  -1  -1  -1  -1  -1  -1  -1  -1  -1  -1  -1  -1  -1  -1  -1  -1  -1  -1
          -1  -1  -1  -1  -1  -1  -1  -1  -1  -1  -1  -1  -1  -1  -1  -1  -1  -1  -1  -1  -1  -1  -1  -1  -1  -1  -1  -1  -1  -1  -1  -1  -1  -1  -1  -1  -1  -1  -1  -1  -1  -1  -1  -1  -1  -1  -1  -1  -1
          -1  -1  -1  -1  -1  -1  -1  -1  -1  -1  -1  -1  -1  -1  -1  -1  -1  -1  -1  -1  -1  -1  -1  -1  -1  -1  -1  -1  -1  -1  -1  -1  -1  -1  -1  -1  -1  -1  -1  -1  -1  -1  -1  -1  -1  -1  -1  -1  -1
          -1  -1  19  -1  -1  -1  -1  -1  -1  -1  -1  -1  -1  -1  -1  -1  -1  -1  -1  -1  -1  -1  -1  -1  -1  -1  -1  -1  -1  -1  -1  -1  -1  -1  -1  -1  -1  -1  -1  -1  -1  -1  -1  -1  -1  -1  19  -1  -1
          -1  -1  -1  -1  -1  -1  -1  -1  -1  -1  -1  -1  -1  -1  -1  -1  -1  -1  -1  -1  -1  -1  -1  -1  -1  -1  -1  -1  -1  -1  -1  -1  -1  -1  -1  -1  -1  -1  -1  -1  -1  -1  -1  -1  -1  -1  -1  -1  -1
          -1  -1  -1  -1  -1  19  -1  -1  -1  -1  -1  -1  -1  -1  19  19  -1  -1  -1  -1  -1  -1  -1  -1  -1  19  19  -1  -1  -1  -1  -1  -1  -1  -1  -1  19  19  -1  -1  -1  -1  -1  -1  -1  -1  -1  -1  -1
          -1  -1  -1  -1  -1  -1  -1  -1  -1  -1  -1  -1  -1  -1  -1  -1  -1  -1  -1  -1  -1  -1  -1  -1  -1  -1  -1  -1  -1  -1  -1  -1  -1  -1  -1  -1  -1  -1  -1  -1  -1  -1  -1  -1  -1  -1  -1  -1  -1
          -1  -1  -1  -1  -1  -1  -1  -1  -1  -1  -1  -1  -1  -1  -1  -1  -1  -1  -1  -1  -1  -1  -1  -1  -1  -1  -1  -1  -1  -1  -1  -1  -1  -1  -1  -1  -1  -1  -1  -1  -1  -1  -1  -1  -1  -1  -1  -1  -1
          -1  -1  -1  -1  -1  -1  -1  19  -1  -1  -1  19  -1  -1  -1  -1  -1  -1  -1  -1  -1  -1  -1  -1  -1  -1  -1  -1  -1  19  -1  -1  -1  19  -1  -1  -1  -1  -1  -1  19  -1  -1  -1  19  -1  -1  -1  -1
          -1  -1  -1  -1  -1  -1  -1  -1  -1  -1  -1  -1  -1  -1  -1  -1  -1  -1  -1  -1  -1  -1  -1  -1  -1  -1  -1  -1  -1  -1  -1  -1  -1  -1  -1  -1  -1  -1  -1  -1  -1  -1  -1  -1  -1  -1  -1  -1  -1
          -1  -1  -1  -1  -1  -1  -1  -1  -1  -1  -1  74  -1  -1  -1  -1  -1  -1  -1  -1  -1  -1  -1  -1  -1  -1  -1  -1  -1  -1  -1  -1  74  -1  -1  -1  -1  -1  -1  -1  -1  -1  -1  74  -1  -1  -1  -1  -1
          -1  -1  -1  -1  -1  -1  -1  -1  -1  -1  -1  -1  -1  -1  -1  -1  19  -1  -1  -1  -1  -1  -1  -1  19  -1  -1  -1  -1  -1  -1  -1  -1  -1  -1  -1  -1  -1  -1  -1  -1  -1  -1  -1  -1  -1  -1  -1  -1
          -1  -1  -1  -1  -1  -1  -1  -1  -1  -1  -1  -1  -1  -1  -1  -1  19  -1  -1  -1  -1  -1  -1  -1  19  -1  -1  -1  -1  -1  -1  -1  -1  -1  -1  -1  -1  -1  -1  -1  -1  -1  -1  -1  -1  -1  -1  -1  -1
          -1  -1  -1  -1  -1  -1  -1  -1  -1  -1  -1  -1  -1  -1  -1  -1  -1  -1  -1  -1  -1  -1  -1  -1  -1  -1  -1  -1  -1  -1  -1  -1  -1  -1  -1  -1  -1  -1  -1  -1  -1  -1  -1  -1  -1  -1  -1  -1  -1
          -1  -1  -1  -1  -1  -1  -1  -1  -1  -1  -1  -1  -1  -1  -1  -1  -1  -1  -1  -1  -1  -1  -1  -1  -1  -1  -1  -1  -1  -1  -1  -1  -1  -1  -1  -1  -1  -1  -1  -1  -1  -1  -1  -1  -1  -1  -1  -1  -1
          -1  -1  -1  -1  -1  -1  -1  -1  12  12  -1  -1  -1  -1  -1  -1  -1  -1  -1  -1  -1  -1  -1  -1  -1  -1  -1  -1  -1  -1  -1  -1  -1  -1  -1  -1  -1  -1  -1  -1  -1  19  -1  -1  -1  -1  -1  -1  -1
          -1  -1  -1  -1  -1  -1  -1  -1  -1  -1  -1  -1  -1  -1  -1  -1  -1  -1  -1  -1  -1  -1  -1  -1  -1  -1  -1  -1  -1  -1  -1  -1  -1  -1  -1  -1  -1  -1  -1  -1  -1  -1  -1  -1  -1  -1  -1  -1  -1
          -1  -1  -1  -1  -1  -1  -1  -1  -1  -1  74  -1  -1  -1  19  -1  -1  -1  -1  -1  -1  -1  -1  -1  -1  -1  19  -1  -1  -1  -1  -1  74  -1  -1  -1  -1  -1  -1  -1  -1  -1  -1  -1  -1  -1  -1  -1  -1
          -1  -1  -1  -1  -1  -1  -1  -1  -1  -1  -1  -1  -1  -1  -1  -1  -1  -1  -1  -1  -1  -1  -1  -1  -1  -1  -1  -1  -1  -1  -1  -1  -1  -1  -1  -1  -1  -1  -1  -1  -1  -1  -1  -1  -1  -1  -1  -1  -1
          -1  -1  -1  -1  -1  -1  -1  19  -1  -1  -1  19  -1  -1  -1  -1  -1  -1  -1  -1  -1  -1  -1  -1  -1  -1  -1  -1  -1  19  -1  -1  -1  19  -1  -1  -1  -1  -1  -1  -1  -1  -1  -1  -1  -1  -1  -1  -1
          -1  -1  -1  -1  -1  -1  -1  -1  -1  -1  -1  -1  -1  -1  -1  -1  -1  -1  -1  -1  -1  -1  -1  -1  -1  -1  -1  -1  -1  -1  -1  -1  -1  -1  -1  -1  -1  -1  -1  -1  -1  -1  -1  -1  -1  -1  -1  -1  -1
          -1  -1  -1  -1  -1  -1  -1  -1  -1  -1  -1  -1  -1  -1  -1  -1  -1  -1  -1  -1  -1  -1  -1  -1  -1  -1  -1  -1  -1  -1  -1  -1  -1  -1  -1  -1  -1  -1  -1  -1  -1  -1  -1  -1  -1  -1  -1  -1  -1
          -1  -1  -1  -1  -1  -1  -1  -1  -1  -1  -1  -1  -1  -1  -1  -1  -1  -1  -1  -1  -1  -1  -1  -1  -1  -1  -1  -1  -1  -1  -1  -1  -1  -1  -1  -1  -1  -1  -1  -1  -1  -1  -1  -1  -1  -1  -1  -1  -1
          -1  -1  -1  -1  -1  -1  -1  -1  -1  -1  -1  -1  -1  -1  -1  -1  -1  -1  -1  -1  -1  -1  -1  -1  -1  -1  -1  -1  -1  -1  -1  -1  -1  -1  -1  -1  -1  -1  -1  -1  -1  -1  -1  -1  -1  -1  -1  -1  -1
          -1  -1  -1  -1  -1  -1  -1  -1  -1  -1  -1  -1  -1  -1  -1  -1  -1  -1  -1  12  12  12  -1  -1  -1  -1  -1  -1  -1  -1  -1  -1  -1  -1  -1  -1  -1  -1  -1  -1  -1  -1  -1  -1  -1  -1  -1  -1  -1
          -1  -1  -1  -1  -1  -1  -1  -1  -1  -1  -1  -1  -1  -1  -1  -1  -1  -1  -1  -1  -1  -1  -1  -1  -1  -1  -1  -1  -1  -1  -1  -1  -1  -1  -1  -1  -1  -1  -1  -1  -1  -1  -1  -1  -1  -1  -1  -1  -1
          -1  -1  -1  -1  -1  -1  -1  -1  -1  -1  -1  -1  -1  -1  -1  -1  -1  -1  -1  -1  -1  -1  -1  -1  -1  -1  -1  -1  -1  -1  -1  -1  -1  -1  -1  -1  -1  -1  -1  -1  -1  -1  -1  -1  -1  -1  -1  -1  -1
      </BaseLayer>
      <FringeLayer>
          -1  -1  -1   6   3   3   3   3   3   3   3   3   3   3   3   3   3   3   3   3   3   3   3   3   3   3   3   3   3   3   3   3   3   3   3   3   3   3   3   3   3   3   3   3   3   3   3   3   7
          -1  -1  -1   3   8  11  11  11  11  11  11  11  11  11  11  11  11  11  11  11  11  11  11  11  11  11  11  11  11  11  11  11  11  11  11  11  11  11  11  11  11  11  11  11  11  11  11  32   1
          -1  -1  -1   3  18   9  12  12  12 174  12  12  12  31  27  18   9  12  12 180 174 180  12  12  31  27  18   9  12  12  12 174  12  12  12  31  27  18   9  12  12  12 174  12  12  12  31  27   1
          -1  -1  -1   3  18  19  10 129 129 129 129 129  30  28  27  18  19  10 129 129 129 129 129  30  28  27  18  19  10 129 129 129 129 129  30  28  27  18  19  10 129 129 129 129 129  30  28  27   1
          -1  -1  -1   3  18  19  20  70  74 169 170 171  29  28  27  18  19  20  70  74 169 170 171  29  28  27  18  19  20  70  74 169 170 171  29  28  27  18  19  20  70  74 169 170 171  29  28  27   1
          6   3   3   3  18  19  20  77  69  69 172 173  29  28  27  18  19  20  77  69  69 172 173  29  28  27  18  19  20  77  69  69 172 173  29  28  27  18  19  20  77  69  69 172 173  29  28  27   1
          0  59  60  37  11  11  11  11  95  96  97  11  11  11  11  11  11  11  11  95  96  97  11  11  11  11  11  11  11  11  95  96  97  11  11  11  11  11  11  11  11  95  96  97  11  48  59  60   1
          0  53  54  36  12 153  12  66  98 136 100  66  12  12 153 153  12  12  66  98 136 100  66  12  12 153 153  12  12  66  98 136 100  66  12  12 153 153  12  12  66  98 136 100  66  49  53  54   1
          0  33  34  35 129 129 129 129  99 137 101 129 129 129 129 129 129 129 129  99 137 101 129 129 129 129 129 129 129 129  99 137 101 129 129 129 129 129 129 129 129  99 137 101 129  50  51  52   1
          0  18 155  20  74  74  74  74  74  74  74  74  74  74  74  74  74  74  74  74  74  74  74  74  74  74  74  74  74  74  74  74  74  74  74  74  74  74  74  74  74  74  74  74  74  29 156  27   1
          0 116 117 118  85  86  86  86  86  86  86  86  86  86  86  86  86  86  86  86  86  86  86  86  86  86  86  86  86  86  86  86  86  86  86  86  86  86  86  86  86  86  86  86  87 123 124 121   1
          0 112 102 119  83  82  82  82  82  82  82  82  82  82  82  82  82  82  82  82  82  82  82  82  82  82  82  82  82  82  82  82  82  82  82  82  82  82  82  82  82  82  82  82  84 125 102 120   1
          0 113 114 115  88  89  89  89  89  89  89  89  89  89  89  89  89  89  89  89  89  89  89  89  89  89  89  89  89  89  89  89  89  89  89  89  89  89  89  89  89  89  89  89  90 126 127 122   1
          0  18 155  20  75  75  75  75  75  75  75  75  75  75  75  75  75  75  75  81  69  80  75  75  75  75  75  75  75  75  75  75  75  75  75  75  75  75  75  75  75  75  75  75  75  29 156  69   1
          0  40  41  42  23  23  23  23  23  23  23  23  23  23  23  23  23  23  60  77  69  76  59  23  23  23  23  23  23  23  23  23  23  23  23  23  23  23  23  23  23  23  23  23  23  45  46  47   1
          0  59  60  39  22 154  22  22  22  22  22  22  22  22 154 154  22  62  20  77  69  76  29  61  22 154 154  22  22  22  22  22  22  22  22  22 154 154  22  22  22  22  22  22  22  44  59  60   1
          0  53  54  38  21  21  21  21  21  21  21  21  21  21  21  21  64  19  20  77  69  76  29  28  63  21  21  21  21  21  21  21  21  21  21  21  21  21  21  21  21  21  21  21  21  43  53  54   1
          4   2   2   0  69  69  69  69  69  69  69  69  69  69  69  69  58  19  20  77  69  76  29  28  57  69  69  69  69  69  69  69  69  69  69  69  69  69  69  69  69  69  69  69  69  69  69  32   1
          -1  -1  -1   0  18  69  69 174  69  69  69 174  69  69  69  18  69  25  20  77  69  76  29  55  69  69  18  69  69 180  69  69  69 180  69  69  69  18  69  69 174  69  69  69 174  69  69  69   1
          -1  -1  -1   0  18  19  10 129  99 137 101 129  30  28  27  18  19  10  54  77  69  76  53  30  28  27  18  19  10 129  99 137 101 129  30  28  27  18  19  10 129  99 137 101 129  30  28  27   1
          -1  -1  -1   0  18  19  20  70  74  74  74 169  29  28  27  18  19  20  70  79  69  78  71  29  28  27  18  19  20  70  74  74 169  71  29  28  27  18  19  20  70  74  74 169  71  29  28  27   1
          -1  -1  -1   0  18  19  20  72  75  75  75  73  29  28  27  18 152  20  77  69  69  69  76  29 151  27  18  19  20  72  75  75  75  73  29  28  27  18  19  20  72  75  75  75  73  29  28  27   1
          -1  -1  -1   0  18  19  17  23  23  23  23  23  24  28  27  18 150  20  77  69  69  69  76  29 149  27  18  19  17  23  23  23  23  23  24  28  27  18  19  17  23  23  23  23  23  24  28  27   1
          -1  -1  -1   0  15  21  21  21  21  21  21  21  21  21  26  18  19  20  77  69  69  69  76  29  28  27  15  21  21  21  21  21  21  21  21  21  26  15  21  21  21  21  21  21  21  21  21  26   1
          -1  -1  -1   2   8  11  11  11  11  11  11  11  11  11  11  58  19  20  77  69  69  69  76  29  28  57  11  11  11  11  11  11  11  11  11  11  11  11  11  11  11  11  11  11  11  48  59  60   1
          -1  -1  -1   2  18   9  12  12 149 150  12  12  31  18   9  12  56  20  77  69  69  69  76  29  55  12  31  27  69  12  12  12  12  12  31  18  61  12  12  12  12 153  12  12  12  49  53  54   1
          -1  -1  -1   2  18  19  10 129 129 129 129  30  28  18  19  10 129  54  77  69  69  69  76  53 129  30  28  27  19  10 129 129 129  30  28  18  19  10 129 129 129 129 129 129 129  50  51  52   1
          6   3   3   3  18  19  20  70  74  74 169  29  28  18 155  20  70  74  79  69  69  69  78  74  71  29 156  27  19  20  70  74 169  29  28  18  19  20  70  74  74  74  74  74  71  29  28  27   1
          0  59  60  37  11  11  11  11  95 136  97  11  11  58  19  20  77  69  69  69  69  69  69  69  76  29  28  57  11  11  95 136  97  11  11  58  19  20  77  69  69  69  69  69  76 123 124 121   1
          0  53  54  36  12  12  66 153  98 136 100 153  66  12  56  20  77  69  69  69  69  69  69  69  76  29  55  12  66 153  98 136 100 153  66  12  56  20  77  69  69  69  69  69  76 125 102 120   1
          0  33  34  35 129 129 129 129  99 137 101 129 129 129 129  54  77  69  69  69  69  69  69  69  76  53 129 129 129 129  99 137 101 129 129 129 129  54  77  69  69  69  69  69  76 126 127 122   1
          0  18  19  20  70  74  74  74  74  74  74  74  74  74  74  74  79  69  69  69  69  69  69  69  78  74  74  74  74  74  74  74  74  74  74  74  74  74  79  69  69  69  69  69  76  29  28  27   1
          0  18  19  20  72  75  75  75  75  75  75  75  75  75  75  75  75  75  75  75  75  75  75  75  75  75  75  75  75  75  75  75  75  75  75  75  75  75  75  75  75  75  75  75  73  29  28  27   1
          0  40  41  42  23  23  23  23  23  23  23  23  23  23  23  23  23  23  23  23  23  23  23  23  23  23  23  23  23  23  23  23  23  23  23  23  23  23  23  23  23  23  23  23  23  45  46  47   1
          0  59  60  39  22  22  22 154  22 175  22 154  22  22  22  22  22  22  22 175 181 175  22  22  22  22  22  22  22 154  22 175  22 154  22  22  22  22  22  22  22 175  22  22  22  44  59  60   1
          0  53  54  38  21  21  21  21  21  21  21  21  21  21  21  21  21  21  21  21  21  21  21  21  21  21  21  21  21  21  21  21  21  21  21  21  21  21  21  21  21  21  21  21  21  43  53  54   1
          4   2   2   2   2   2   2   2   2   2   2   2   2   2   2   2   2   2   2   2   2   2   2   2   2   2   2   2   2   2   2   2   2   2   2   2   2   2   2   2   2   2   2   2   2   2   2   2   5
      </FringeLayer>
      <ObjectLayer>
          -1  -1  -1  -1  -1  -1  -1  -1  -1  -1  -1  -1  -1  -1  -1  -1  -1  -1  -1  -1  -1  -1  -1  -1  -1  -1  -1  -1  -1  -1  -1  -1  -1  -1  -1  -1  -1  -1  -1  -1  -1  -1  -1  -1  -1  -1  -1  -1  -1
          -1  -1  -1  -1  -1  -1  -1  -1  -1  -1  -1  -1  -1  -1  -1  -1  -1  -1  -1  -1  -1  -1  -1  -1  -1  -1  -1  -1  -1  -1  -1  -1  -1  -1  -1  -1  -1  -1  -1  -1  -1  -1  -1  -1  -1  -1  -1  -1  -1
          -1  -1  -1  -1  -1  -1  -1  -1  -1  -1  -1  -1  -1  -1  -1  -1  -1  -1  -1  -1  -1  -1  -1  -1  -1  -1  -1  -1  -1  -1  -1  -1  -1  -1  -1  -1  -1  -1  -1  -1  -1  -1  -1  -1  -1  -1  -1  -1  -1
          -1  -1  -1  -1  -1  -1  -1  -1  -1  -1  -1  -1  -1  -1  -1  -1  -1  -1  -1  -1  -1  -1  -1  -1  -1  -1  -1  -1  -1  -1  -1  -1  -1  -1  -1  -1  -1  -1  -1  -1  -1  -1  -1  -1  -1  -1  -1  -1  -1
          -1  -1  -1  -1  -1  -1  -1  -1  -1  -1  -1  -1  -1  -1  -1  -1  -1  -1  -1  -1  -1  -1  -1  -1  -1  -1  -1  -1  -1  -1  -1  -1  -1  -1  -1  -1  -1  -1  -1  -1  -1  -1  -1  -1  -1  -1  -1  -1  -1
          -1  -1  -1  -1  -1  -1  -1  -1  -1  -1  -1  -1  -1  -1  -1  -1  -1  -1  -1  -1  -1  -1  -1  -1  -1  -1  -1  -1  -1  -1  -1  -1  -1  -1  -1  -1  -1  -1  -1  -1  -1  -1  -1  -1  -1  -1  -1  -1  -1
          -1  -1  -1  -1  -1  -1  -1  -1  -1  -1  -1  -1  -1  -1  -1  -1  -1  -1  -1  -1  -1  -1  -1  -1  -1  -1  -1  -1  -1  -1  -1  -1  -1  -1  -1  -1  -1  -1  -1  -1  -1  -1  -1  -1  -1  -1  -1  -1  -1
          -1  -1  -1  -1  -1  -1  -1  -1  -1  -1  -1  -1  -1  -1  -1  -1  -1  -1  -1  -1  -1  -1  -1  -1  -1  -1  -1  -1  -1  -1  -1  -1  -1  -1  -1  -1  -1  -1  -1  -1  -1  -1  -1  -1  -1  -1  -1  -1  -1
          -1  -1  -1  -1  -1  -1  -1  -1  -1  -1  -1  -1  -1  -1  -1  -1  -1  -1  -1  -1  -1  -1  -1  -1  -1  -1  -1  -1  -1  -1  -1  -1  -1  -1  -1  -1  -1  -1  -1  -1  -1  -1  -1  -1  -1  -1  -1  -1  -1
          -1  -1  -1  -1  -1  -1  -1  -1  -1  -1  -1  -1  -1  -1  -1  -1  -1  -1  -1  -1  -1  -1  -1  -1  -1  -1  -1  -1  -1  -1  -1  -1  -1  -1  -1  -1  -1  -1  -1  -1  -1  -1  -1  -1  -1  -1  -1  -1  -1
          -1  -1  -1  -1  -1  -1  -1  -1  -1  -1  -1  -1  -1  -1  -1  -1  -1  -1  -1  -1  -1  -1  -1  -1  -1  -1  -1  -1  -1  -1  -1  -1  -1  -1  -1  -1  -1  -1  -1  -1  -1  -1  -1  -1  -1  -1  -1  -1  -1
          -1  -1  -1  -1  -1  -1  -1  -1  -1  -1  -1  -1  -1  -1  -1  -1  -1  -1  -1  -1  -1  -1  -1  -1  -1  -1  -1  -1  -1  -1  -1  -1  -1  -1  -1  -1  -1  -1  -1  -1  -1  -1  -1  -1  -1  -1  -1  -1  -1
          -1  -1  -1  -1  -1  -1  -1  -1  -1  -1  -1  -1  -1  -1  -1  -1  -1  -1  -1  -1  -1  -1  -1  -1  -1  -1  -1  -1  -1  -1  -1  -1  -1  -1  -1  -1  -1  -1  -1  -1  -1  -1  -1  -1  -1  -1  -1  -1  -1
          -1  -1  -1  -1  -1  -1  -1  -1  -1  -1  -1  -1  -1  -1  -1  -1  -1  -1  -1  -1  -1  -1  -1  -1  -1  -1  -1  -1  -1  -1  -1  -1  -1  -1  -1  -1  -1  -1  -1  -1  -1  -1  -1  -1  -1  -1  -1  27  -1
          -1  -1  -1  -1  -1  -1  -1  -1  -1  -1  -1  -1  -1  -1  -1  -1  -1  -1  -1  -1  -1  -1  -1  -1  -1  -1  -1  -1  -1  -1  -1  -1  -1  -1  -1  -1  -1  -1  -1  -1  -1  -1  -1  -1  -1  -1  -1  -1  -1
          -1  -1  -1  -1  -1  -1  -1  -1  -1  -1  -1  -1  -1  -1  -1  -1  -1  -1  -1  -1  -1  -1  -1  -1  -1  -1  -1  -1  -1  -1  -1  -1  -1  -1  -1  -1  -1  -1  -1  -1  -1  -1  -1  -1  -1  -1  -1  -1  -1
          -1  -1  -1  -1  -1  -1  -1  -1  -1  -1  -1  -1  -1  -1  -1  -1  -1  -1  -1  -1  -1  -1  -1  -1  -1  -1  -1  -1  -1  -1  -1  -1  -1  -1  -1  -1  -1  -1  -1  -1  -1  -1  -1  -1  -1  -1  -1  -1  -1
          -1  -1  -1  -1   8  11  11  11  95  96  97  11  11  11  11  11  -1  -1  -1  -1  -1  -1  -1  -1  -1  11  11  11  11  11  95  96  97  11  11  11  11  11  11  11  11  95  96  97  11  11  11  -1  -1
          -1  -1  -1  -1  -1   9  12  -1  98 136 100  -1  12  31  27  -1   9  -1  -1  -1  -1  -1  -1  -1  31  27  -1   9  12  -1  98 136 100  -1  12  31  27  -1   9  12  -1  98 136 100  -1  12  31  27  -1
          -1  -1  -1  -1  -1  -1  -1  -1  -1  -1  -1  -1  -1  -1  -1  -1  -1  -1  -1  -1  -1  -1  -1  -1  -1  -1  -1  -1  -1  -1  -1  -1  -1  -1  -1  -1  -1  -1  -1  -1  -1  -1  -1  -1  -1  -1  -1  -1  -1
          -1  -1  -1  -1  -1  -1  -1  -1  -1  -1  -1  -1  -1  -1  -1  -1  -1  -1  -1  -1  -1  -1  -1  -1  -1  -1  -1  -1  -1  -1  -1  -1  -1  -1  -1  -1  -1  -1  -1  -1  -1  -1  -1  -1  -1  -1  -1  -1  -1
          -1  -1  -1  -1  -1  -1  -1  -1  -1  -1  -1  -1  -1  -1  -1  -1  -1  -1  -1  -1  -1  -1  -1  -1  -1  -1  -1  -1  -1  -1  -1  -1  -1  -1  -1  -1  -1  -1  -1  -1  -1  -1  -1  -1  -1  -1  -1  -1  -1
          -1  -1  -1  -1  -1  -1  -1  -1  -1  -1  -1  -1  -1  -1  -1  -1  -1  -1  -1  -1  -1  -1  -1  -1  -1  -1  -1  -1  -1  -1  -1  -1  -1  -1  -1  -1  -1  -1  -1  -1  -1  -1  -1  -1  -1  -1  -1  -1  -1
          -1  -1  -1  -1  -1  -1  -1  -1  -1  -1  -1  -1  -1  -1  -1  -1  -1  -1  -1  -1  -1  -1  -1  -1  -1  -1  -1  -1  -1  -1  -1  -1  -1  -1  -1  -1  -1  -1  -1  -1  -1  -1  -1  -1  -1  -1  -1  -1  -1
          -1  -1  -1  -1  -1  -1  -1  -1  -1  -1  -1  -1  -1  -1  -1  -1  -1  -1  -1  -1  -1  -1  -1  -1  -1  -1  -1  -1  -1  -1  -1  -1  -1  -1  -1  -1  -1  -1  -1  -1  -1  -1  -1  -1  -1  -1  -1  -1  -1
          -1  -1  -1  -1  -1  -1  -1  -1  -1  -1  -1  -1  -1  -1  -1  -1  -1  -1  -1  -1  -1  -1  -1  -1  -1  -1  -1  -1   9  -1  -1  -1  -1  -1  -1  -1  -1  -1  -1  -1  -1  -1  -1  -1  -1  -1  -1  -1  -1
          -1  -1  -1  -1  -1  -1  -1  -1  -1  -1  -1  -1  -1  -1  -1  -1  -1  -1  -1  -1  -1  -1  -1  -1  -1  -1  -1  -1  -1  -1  -1  -1  -1  -1  -1  -1  -1  -1  -1  -1  -1  -1  -1  -1  -1  -1  -1  -1  -1
          -1  -1  -1  -1  -1  -1  -1  -1  -1  -1  -1  -1  -1  -1  -1  -1  -1  -1  -1  -1  -1  -1  -1  -1  -1  -1  -1  -1  -1  -1  -1  -1  -1  -1  -1  -1  -1  -1  -1  -1  -1  -1  -1  -1  -1  -1  -1  -1  -1
          -1  -1  -1  -1  -1  -1  -1  -1  -1  96  -1  -1  -1  -1  -1  -1  -1  -1  -1  -1  -1  -1  -1  -1  -1  -1  -1  -1  -1  -1  -1  96  -1  -1  -1  -1  -1  -1  -1  -1  -1  -1  -1  -1  -1  -1  -1  -1  -1
          -1  -1  -1  -1  -1  -1  -1  -1  -1  -1  -1  -1  -1  -1  -1  -1  -1  -1  -1  -1  -1  -1  -1  -1  -1  -1  -1  -1  -1  -1  -1  -1  -1  -1  -1  -1  -1  -1  -1  -1  -1  -1  -1  -1  -1  -1  -1  -1  -1
          -1  -1  -1  -1  -1  -1  -1  -1  -1  -1  -1  -1  -1  -1  -1  -1  -1  -1  -1  -1  -1  -1  -1  -1  -1  -1  -1  -1  -1  -1  -1  -1  -1  -1  -1  -1  -1  -1  -1  -1  -1  -1  -1  -1  -1  -1  -1  -1  -1
          -1  -1  -1  -1  -1  -1  -1  -1  -1  -1  -1  -1  -1  -1  -1  -1  -1  -1  -1  -1  -1  -1  -1  -1  -1  -1  -1  -1  -1  -1  -1  -1  -1  -1  -1  -1  -1  -1  -1  -1  -1  -1  -1  -1  -1  -1  -1  -1  -1
          -1  -1  -1  -1  -1  -1  -1  -1  -1  -1  -1  -1  -1  -1  -1  -1  -1  -1  -1  -1  -1  -1  -1  -1  -1  -1  -1  -1  -1  -1  -1  -1  -1  -1  -1  -1  -1  -1  -1  -1  -1  -1  -1  -1  -1  -1  -1  -1  -1
          -1  -1  -1  -1  -1  -1  -1  -1  -1  -1  -1  -1  -1  -1  -1  -1  -1  -1  -1  -1  -1  -1  -1  -1  -1  -1  -1  -1  -1  -1  -1  -1  -1  -1  -1  -1  -1  -1  -1  -1  -1  -1  -1  -1  -1  -1  -1  -1  -1
          -1  -1  -1  -1  -1  -1  -1  -1  -1  -1  -1  -1  -1  -1  -1  -1  -1  -1  -1  -1  -1  -1  -1  -1  -1  -1  -1  -1  -1  -1  -1  -1  -1  -1  -1  -1  -1  -1  -1  -1  -1  -1  -1  -1  -1  -1  -1  -1  -1
          -1  -1  -1  -1  -1  -1  -1  -1  -1  -1  -1  -1  -1  -1  -1  -1  -1  -1  -1  -1  -1  -1  -1  -1  -1  -1  -1  -1  -1  -1  -1  -1  -1  -1  -1  -1  -1  -1  -1  -1  -1  -1  -1  -1  -1  -1  -1  -1  -1
          -1  -1  -1  -1  -1  -1  -1  -1  -1  -1  -1  -1  -1  -1  -1  -1  -1  -1  -1  -1  -1  -1  -1  -1  -1  -1  -1  -1  -1  -1  -1  -1  -1  -1  -1  -1  -1  -1  -1  -1  -1  -1  -1  -1  -1  -1  -1  -1  -1
      </ObjectLayer>
      <CollisionLayer>
          0   0   0   0   0   0   0   0   0   0   0   0   0   0   0   0   0   0   0   0   0   0   0   0   0   0   0   0   0   0   0   0   0   0   0   0   0   0   0   0   0   0   0   0   0   0   0   0   0
          0   0   0   0   0   0   0   0   0   0   0   0   0   0   0   0   0   0   0   0   0   0   0   0   0   0   0   0   0   0   0   0   0   0   0   0   0   0   0   0   0   0   0   0   0   0   0   0   0
          0   0   0   0   0   0   0   0   0   0   0   0   0   0   0   0   0   0   0   0   0   0   0   0   0   0   0   0   0   0   0   0   0   0   0   0   0   0   0   0   0   0   0   0   0   0   0   0   0
          0   0   0   0   0   0   0   0   0   0   0   0   0   0   0   0   0   0   0   0   0   0   0   0   0   0   0   0   0   0   0   0   0   0   0   0   0   0   0   0   0   0   0   0   0   0   0   0   0
          0   0   0   0   0   0   0   0   0   0   0   0   0   0   0   0   0   0   0   0   0   0   0   0   0   0   0   0   0   0   0   0   0   0   0   0   0   0   0   0   0   0   0   0   0   0   0   0   0
          0   0   0   0   0   0   0   0   0   0   0   0   0   0   0   0   0   0   0   0   0   0   0   0   0   0   0   0   0   0   0   0   0   0   0   0   0   0   0   0   0   0   0   0   0   0   0   0   0
          0   0   0   0   0   0   0   0   0   0   0   0   0   0   0   0   0   0   0   0   0   0   0   0   0   0   0   0   0   0   0   0   0   0   0   0   0   0   0   0   0   0   0   0   0   0   0   0   0
          0   0   0   0   0   0   0   0   0   0   0   0   0   0   0   0   0   0   0   0   0   0   0   0   0   0   0   0   0   0   0   0   0   0   0   0   0   0   0   0   0   0   0   0   0   0   0   0   0
          0   0   0   0   1   1   1   1   1   1   1   1   1   1   1   1   1   1   1   1   1   1   1   1   1   1   1   1   1   1   1   1   1   1   1   1   1   1   1   1   1   1   1   1   1   0   0   0   0
          0   0   0   1   0   0   0   0   0   0   0   0   0   0   0   0   0   0   0   0   0   0   0   0   0   0   0   0   0   0   0   0   0   0   0   0   0   0   0   0   0   0   0   0   0   1   0   0   0
          0   0   0   1   0   0   0   0   0   0   0   0   0   0   0   0   0   0   0   0   0   0   0   0   0   0   0   0   0   0   0   0   0   0   0   0   0   0   0   0   0   0   0   0   0   1   0   0   0
          0   0   0   0   0   0   0   0   0   0   0   0   0   0   0   0   0   0   0   0   0   0   0   0   0   0   0   0   0   0   0   0   0   0   0   0   0   0   0   0   0   0   0   0   0   0   0   0   0
          0   0   0   1   0   0   0   0   0   0   0   0   0   0   0   0   0   0   0   0   0   0   0   0   0   0   0   0   0   0   0   0   0   0   0   0   0   0   0   0   0   0   0   0   0   1   0   0   0
          0   0   0   1   0   0   0   0   0   0   0   0   0   0   0   0   0   0   0   0   0   0   0   0   0   0   0   0   0   0   0   0   0   0   0   0   0   0   0   0   0   0   0   0   0   1   0   0   0
          0   0   0   1   1   1   1   1   1   1   1   1   1   1   1   1   1   1   1   0   0   0   1   1   1   1   1   1   1   1   1   1   1   1   1   1   1   1   1   1   1   1   1   1   1   1   0   0   0
          0   0   0   0   0   0   0   0   0   0   0   0   0   0   0   0   0   0   1   0   0   0   1   0   0   0   0   0   0   0   0   0   0   0   0   0   0   0   0   0   0   0   0   0   0   0   0   0   0
          0   0   0   0   0   0   0   0   0   0   0   0   0   0   0   0   0   0   1   0   0   0   1   0   0   0   0   0   0   0   0   0   0   0   0   0   0   0   0   0   0   0   0   0   0   0   0   0   0
          0   0   0   0   0   0   0   0   0   0   0   0   0   0   0   0   0   0   1   0   0   0   1   0   0   0   0   0   0   0   0   0   0   0   0   0   0   0   0   0   0   0   0   0   0   1   0   0   0
          0   0   0   0   0   0   0   0   0   0   0   0   0   0   0   0   0   0   1   0   0   0   1   0   0   0   0   0   0   0   0   0   0   0   0   0   0   0   0   0   0   0   0   0   0   1   0   0   0
          0   0   0   0   1   1   1   1   1   1   1   1   1   1   1   1   1   1   1   0   0   0   1   1   1   1   1   1   1   1   1   1   1   1   1   1   1   1   1   1   1   1   1   1   1   1   1   1   0
          0   0   0   0   0   0   0   0   0   0   0   0   0   0   0   0   0   1   0   0   0   0   0   1   0   0   0   0   0   0   0   0   0   0   0   0   0   0   0   0   0   0   0   0   0   0   0   0   0
          0   0   0   0   0   0   0   0   0   0   0   0   1   0   0   0   0   1   0   0   0   0   0   1   0   0   0   0   1   0   0   0   0   0   1   0   0   0   0   1   0   0   0   0   0   0   0   0   0
          0   0   0   0   0   0   0   0   0   0   0   0   1   0   0   0   0   1   0   0   0   0   0   1   0   0   0   0   1   0   0   0   0   0   1   0   0   0   0   1   0   0   0   0   0   0   0   0   0
          0   0   0   0   0   0   0   0   0   0   0   0   0   0   0   0   0   1   0   0   0   0   0   1   0   0   0   0   0   0   0   0   0   0   0   0   0   0   0   0   0   0   0   0   0   0   0   0   0
          0   0   0   0   0   0   0   0   0   0   0   0   0   0   0   0   0   1   0   0   0   0   0   1   0   0   0   0   0   0   0   0   0   0   0   0   0   0   0   0   0   0   0   0   0   0   0   0   0
          0   0   0   0   0   0   0   0   0   0   0   0   0   0   0   0   0   1   0   0   0   0   0   1   0   0   0   0   0   0   0   0   0   0   0   0   0   0   0   0   0   0   0   0   0   0   0   0   0
          0   0   0   0   0   0   0   0   0   0   0   0   0   0   0   1   1   1   0   0   0   0   0   1   1   1   0   0   0   0   0   0   0   0   0   0   0   1   1   1   1   1   1   1   1   1   0   0   0
          0   0   0   0   0   0   0   0   0   0   0   0   0   0   0   1   0   0   0   0   0   0   0   0   0   1   0   0   0   0   0   0   0   0   0   0   0   1   0   0   0   0   0   0   0   1   0   0   0
          0   0   0   0   1   0   0   0   0   0   0   0   0   0   0   1   0   0   0   0   0   0   0   0   0   1   0   0   0   0   0   0   0   0   0   0   0   1   0   0   0   0   0   0   0   1   0   0   0
          0   0   0   0   1   0   0   0   0   0   0   0   0   0   0   1   0   0   0   0   0   0   0   0   0   1   0   0   0   0   0   0   0   0   0   0   0   1   0   0   0   0   0   0   0   0   0   0   0
          0   0   0   1   1   1   1   1   1   1   1   1   1   1   1   1   0   0   0   0   0   0   0   0   0   1   1   1   1   1   1   1   1   1   1   1   1   1   0   0   0   0   0   0   0   1   0   0   0
          0   0   0   1   0   0   0   0   0   0   0   0   0   0   0   0   0   0   0   0   0   0   0   0   0   0   0   0   0   0   0   0   0   0   0   0   0   0   0   0   0   0   0   0   0   1   0   0   0
          0   0   0   1   0   0   0   0   0   0   0   0   0   0   0   0   0   0   0   0   0   0   0   0   0   0   0   0   0   0   0   0   0   0   0   0   0   0   0   0   0   0   0   0   0   1   0   0   0
          0   0   0   1   1   1   1   1   1   1   1   1   1   1   1   1   1   1   1   1   1   1   1   1   1   1   1   1   1   1   1   1   1   1   1   1   1   1   1   1   1   1   1   1   1   1   0   0   0
          0   0   0   0   0   0   0   0   0   0   0   0   0   0   0   0   0   0   0   0   0   0   0   0   0   0   0   0   0   0   0   0   0   0   0   0   0   0   0   0   0   0   0   0   0   0   0   0   0
          0   0   0   0   0   0   0   0   0   0   0   0   0   0   0   0   0   0   0   0   0   0   0   0   0   0   0   0   0   0   0   0   0   0   0   0   0   0   0   0   0   0   0   0   0   0   0   0   0
          0   0   0   0   0   0   0   0   0   0   0   0   0   0   0   0   0   0   0   0   0   0   0   0   0   0   0   0   0   0   0   0   0   0   0   0   0   0   0   0   0   0   0   0   0   0   0   0   0
      </CollisionLayer>
      <Portals>
          <Item>
			  <Name>P1</Name>
			  <LandingMapPosition>43 29</LandingMapPosition>
              <DestinationMapContentName>Map011</DestinationMapContentName>
              <DestinationMapPortalName>P2</DestinationMapPortalName>
          </Item>
          <Item>
			  <Name>P2</Name>
			  <LandingMapPosition>5 11</LandingMapPosition>
              <DestinationMapContentName>Map013</DestinationMapContentName>
              <DestinationMapPortalName>P1</DestinationMapPortalName>
          </Item>
          <Item>
			  <Name>P3</Name>
			  <LandingMapPosition>43 11</LandingMapPosition>
              <DestinationMapContentName>Map014</DestinationMapContentName>
              <DestinationMapPortalName>P1</DestinationMapPortalName>
          </Item>
      </Portals>
	  <PortalEntries>
		  <Item>
			  <ContentName>P1</ContentName>
			  <MapPosition>45 29</MapPosition>
		  </Item>
		  <Item>
			  <ContentName>P2</ContentName>
			  <MapPosition>3 11</MapPosition>
		  </Item>
		  <Item>
			  <ContentName>P3</ContentName>
			  <MapPosition>45 11</MapPosition>
		  </Item>
	  </PortalEntries>
	  <ChestEntries>
          <Item>
              <ContentName>MOElixir</ContentName>
              <MapPosition>38 27</MapPosition>
          </Item>
          <Item>
              <ContentName>MajorMagic</ContentName>
              <MapPosition>43 31</MapPosition>
          </Item>
          <Item>
              <ContentName>MajorHealing</ContentName>
              <MapPosition>24 27</MapPosition>
          </Item>
          <Item>
              <ContentName>MajorHealing</ContentName>
              <MapPosition>16 27</MapPosition>
          </Item>
          <Item>
              <ContentName>SageBoots</ContentName>
              <MapPosition>4 31</MapPosition>
          </Item>
          <Item>
              <ContentName>SageHood</ContentName>
              <MapPosition>4 32</MapPosition>
          </Item>
          <Item>
              <ContentName>POElixir</ContentName>
              <MapPosition>18 20</MapPosition>
          </Item>
          <Item>
              <ContentName>PDElixir</ContentName>
              <MapPosition>22 20</MapPosition>
          </Item>
          <Item>
              <ContentName>MDElixir</ContentName>
              <MapPosition>4 9</MapPosition>
          </Item>
          <Item>
              <ContentName>PDElixir</ContentName>
              <MapPosition>4 13</MapPosition>
          </Item>
          <Item>
              <ContentName>SteelBoots</ContentName>
              <MapPosition>43 9</MapPosition>
          </Item>
          <Item>
              <ContentName>LegendaryBlade</ContentName>
              <MapPosition>43 13</MapPosition>
          </Item>
      </ChestEntries>
      <FixedCombatEntries />
      <RandomCombat>
          <CombatProbability>10</CombatProbability>
          <FleeProbability>50</FleeProbability>
          <MonsterCountRange>
              <Minimum>3</Minimum>
              <Maximum>3</Maximum>
          </MonsterCountRange>
          <Entries>
              <Item>
                  <ContentName>BruteMaster</ContentName>
                  <Count>2</Count>
                  <Weight>80</Weight>
              </Item>
              <Item>
                  <ContentName>BruteMage</ContentName>
                  <Count>2</Count>
                  <Weight>80</Weight>
              </Item>
              <Item>
                  <ContentName>OrcBrute</ContentName>
                  <Count>1</Count>
                  <Weight>100</Weight>
              </Item>
          </Entries>
      </RandomCombat>
      <QuestNpcEntries />
      <PlayerNpcEntries />
      <InnEntries />
      <StoreEntries />
  </Asset>
</XnaContent>
