﻿<?xml version="1.0" encoding="utf-8"?>
<XnaContent>
  <Asset Type="RolePlayingGameData.QuestNpc">
    <Name>Ekin</Name>
    <MapSprite>
      <TextureName>Characters\Villager1IdleRight</TextureName>
      <FrameDimensions>43 56</FrameDimensions>
      <FramesPerRow>6</FramesPerRow>
      <SourceOffset>21 41</SourceOffset>
      <Animations />
    </MapSprite>
    <MapIdleAnimationInterval>150</MapIdleAnimationInterval>
    <IntroductionDialogue>Don't go east unless you're confident in your capabilities.  You know, Apple Village is just west of here...</IntroductionDialogue>
  </Asset>
</XnaContent>