﻿<?xml version="1.0" encoding="utf-8"?>
<XnaContent>
  <Asset Type="RolePlayingGameData.QuestNpc">
    <Name>Manny</Name>
    <MapSprite>
      <TextureName>Characters\VillagerIdleRight</TextureName>
      <FrameDimensions>43 56</FrameDimensions>
      <FramesPerRow>6</FramesPerRow>
      <SourceOffset>21 41</SourceOffset>
      <Animations />
    </MapSprite>
    <MapIdleAnimationInterval>150</MapIdleAnimationInterval>
    <IntroductionDialogue>Don't go east unless you are confident in your capabilities.</IntroductionDialogue>
  </Asset>
</XnaContent>