﻿<?xml version="1.0" encoding="utf-8"?>
<XnaContent>
  <Asset Type="RolePlayingGameData.QuestNpc">
    <Name>Vejnas</Name>
    <MapSprite>
      <TextureName>Characters\Villager1IdleRight</TextureName>
      <FrameDimensions>43 56</FrameDimensions>
      <FramesPerRow>6</FramesPerRow>
      <SourceOffset>21 41</SourceOffset>
      <Animations />
    </MapSprite>
    <MapIdleAnimationInterval>150</MapIdleAnimationInterval>
    <IntroductionDialogue>Welcome to Lush Village, guest #2008! Enjoy the lush view, the lush taverns... the lush shops... the lush... bushes... the lush...  I don't get paid enough to do this.  Do me a favor and skedaddle, would yah?</IntroductionDialogue>
  </Asset>
</XnaContent>