﻿<?xml version="1.0" encoding="utf-8"?>
<XnaContent>
  <Asset Type="RolePlayingGameData.Inn">
    <Name>New Age Inn</Name>
    <ChargePerPlayer>20</ChargePerPlayer>
    <WelcomeMessage>Welcome to the New Age Inn! We party hard at nights, but you will leave well-rested!</WelcomeMessage>
    <PaidMessage>Come back anytime!</PaidMessage>
    <NotEnoughGoldMessage>Sorry, but we don't let anyone stay for free.</NotEnoughGoldMessage>
    <ShopkeeperTextureName>ShopKeeper</ShopkeeperTextureName>
  </Asset>
</XnaContent>