﻿<?xml version="1.0" encoding="utf-8" ?>
<XnaContent>
  <Asset Type="RolePlayingGameData.QuestNpc">
      <Name>This An Inn</Name>
      <MapSprite>
          <TextureName>Characters\Villager2IdleRight</TextureName>
          <FrameDimensions>92 120</FrameDimensions>
          <FramesPerRow>6</FramesPerRow>
          <SourceOffset>46 89</SourceOffset>
          <Animations />
      </MapSprite>
      <MapIdleAnimationInterval>150</MapIdleAnimationInterval>
      <IntroductionDialogue>Welcome!</IntroductionDialogue>
  </Asset>
</XnaContent>
