﻿<?xml version="1.0" encoding="utf-8" ?>
<XnaContent>
  <Asset Type="RolePlayingGameData.CharacterClass">
      <Name>Paladin</Name>
      <InitialStatistics>
          <HealthPoints>30</HealthPoints>
          <MagicPoints>10</MagicPoints>
          <PhysicalOffense>7</PhysicalOffense>
          <PhysicalDefense>7</PhysicalDefense>
          <MagicalOffense>7</MagicalOffense>
          <MagicalDefense>7</MagicalDefense>          
      </InitialStatistics>
      <LevelingStatistics>
          <HealthPointsIncrease>7</HealthPointsIncrease>
          <LevelsPerHealthPointsIncrease>1</LevelsPerHealthPointsIncrease>
          <MagicPointsIncrease>7</MagicPointsIncrease>
          <LevelsPerMagicPointsIncrease>1</LevelsPerMagicPointsIncrease>
          <PhysicalOffenseIncrease>2</PhysicalOffenseIncrease>
          <LevelsPerPhysicalOffenseIncrease>1</LevelsPerPhysicalOffenseIncrease>
          <PhysicalDefenseIncrease>2</PhysicalDefenseIncrease>
          <LevelsPerPhysicalDefenseIncrease>1</LevelsPerPhysicalDefenseIncrease>
          <MagicalOffenseIncrease>1</MagicalOffenseIncrease>
          <LevelsPerMagicalOffenseIncrease>1</LevelsPerMagicalOffenseIncrease>
          <MagicalDefenseIncrease>2</MagicalDefenseIncrease>
          <LevelsPerMagicalDefenseIncrease>1</LevelsPerMagicalDefenseIncrease>
      </LevelingStatistics>
      <LevelEntries>
          <Item>
              <ExperiencePoints>100</ExperiencePoints>
              <SpellContentNames>
                  <Item>MinorHeal</Item>
              </SpellContentNames>
          </Item>
          <Item>
              <ExperiencePoints>150</ExperiencePoints>
              <SpellContentNames />
          </Item>
          <Item>
              <ExperiencePoints>200</ExperiencePoints>
              <SpellContentNames>
                  <Item>MassMinorHeal</Item>
              </SpellContentNames>
          </Item>
          <Item>
              <ExperiencePoints>250</ExperiencePoints>
              <SpellContentNames />
          </Item>
          <Item>
              <ExperiencePoints>300</ExperiencePoints>
              <SpellContentNames>
                  <Item>Heal</Item>
              </SpellContentNames>
          </Item>
          <Item>
              <ExperiencePoints>350</ExperiencePoints>
              <SpellContentNames>
                  <Item>IceBolt</Item>
              </SpellContentNames>
          </Item>
          <Item>
              <ExperiencePoints>400</ExperiencePoints>
              <SpellContentNames>
                  <Item>MassHeal</Item>
              </SpellContentNames>
          </Item>
          <Item>
              <ExperiencePoints>450</ExperiencePoints>
              <SpellContentNames />
          </Item>
          <Item>
              <ExperiencePoints>500</ExperiencePoints>
              <SpellContentNames>
                  <Item>IceBlast</Item>
              </SpellContentNames>
          </Item>
          <Item>
              <ExperiencePoints>550</ExperiencePoints>
              <SpellContentNames>
                  <Item>SuperHeal</Item>
              </SpellContentNames>
          </Item>
          <Item>
              <ExperiencePoints>600</ExperiencePoints>
              <SpellContentNames>
                  <Item>MassHeal</Item>
              </SpellContentNames>
          </Item>
          <Item>
              <ExperiencePoints>650</ExperiencePoints>
              <SpellContentNames>
                  <Item>IceBlast</Item>
              </SpellContentNames>
          </Item>
          <Item>
              <ExperiencePoints>700</ExperiencePoints>
              <SpellContentNames>
                  <Item>SuperHeal</Item>
              </SpellContentNames>
          </Item>
          <Item>
              <ExperiencePoints>750</ExperiencePoints>
              <SpellContentNames>
                  <Item>IceBlast</Item>
              </SpellContentNames>
          </Item>
          <Item>
              <ExperiencePoints>800</ExperiencePoints>
              <SpellContentNames>
                  <Item>MassHeal</Item>
              </SpellContentNames>
          </Item>
          <Item>
              <ExperiencePoints>0</ExperiencePoints>
              <SpellContentNames>
                  <Item>SuperHeal</Item>
              </SpellContentNames>
          </Item>
      </LevelEntries>
      <BaseExperienceValue>20</BaseExperienceValue>
      <BaseGoldValue>10</BaseGoldValue>
  </Asset>
</XnaContent>
