﻿<?xml version="1.0" encoding="utf-8"?>
<XnaContent>
  <Asset Type="RolePlayingGameData.Weapon">
    <Name>Long Blade</Name>
    <Description>The long blade combines the long sword's length with an edged blade.</Description>
    <GoldValue>650</GoldValue>
    <IsDroppable>true</IsDroppable>
    <MinimumCharacterLevel>6</MinimumCharacterLevel>
    <SupportedClasses>
      <Item>Warrior</Item>
      <Item>Paladin</Item>
    </SupportedClasses>
    <IconTextureName>Sword02a</IconTextureName>
    <TargetDamageRange>
      <Minimum>65</Minimum>
      <Maximum>80</Maximum>
    </TargetDamageRange>
    <SwingCueName>SwordSwing</SwingCueName>
    <HitCueName>SwordHit</HitCueName>
    <BlockCueName>SwordBlock</BlockCueName>
    <Overlay>
      <TextureName>Spells\OverlayMelee</TextureName>
      <FrameDimensions>83 97</FrameDimensions>
      <FramesPerRow>1</FramesPerRow>
      <Animations>
        <Item>
          <StartingFrame>1</StartingFrame>
          <EndingFrame>1</EndingFrame>
          <Interval>200</Interval>
          <IsLoop>false</IsLoop>
        </Item>
      </Animations>
    </Overlay>
  </Asset>
</XnaContent>