﻿<?xml version="1.0" encoding="utf-8"?>
<XnaContent>
  <Asset Type="RolePlayingGameData.Weapon">
    <Name>Magic Staff</Name>
    <Description>This staff has been embued with magical enhancements.</Description>
    <GoldValue>200</GoldValue>
    <IsDroppable>true</IsDroppable>
    <MinimumCharacterLevel>2</MinimumCharacterLevel>
    <SupportedClasses>
      <Item>Wizard</Item>
      <Item>Red Mage</Item>
    </SupportedClasses>
    <IconTextureName>Staff02a</IconTextureName>
    <OwnerBuffStatistics>
      <MagicPoints>10</MagicPoints>
      <MagicalOffense>5</MagicalOffense>
    </OwnerBuffStatistics>
    <TargetDamageRange>
      <Minimum>4</Minimum>
      <Maximum>6</Maximum>
    </TargetDamageRange>
    <SwingCueName>StaffSwing</SwingCueName>
    <HitCueName>StaffHit</HitCueName>
    <BlockCueName>StaffBlock</BlockCueName>
    <Overlay>
      <TextureName>Spells\OverlayMelee</TextureName>
      <FrameDimensions>83 97</FrameDimensions>
      <FramesPerRow>1</FramesPerRow>
      <Animations>
        <Item>
          <StartingFrame>1</StartingFrame>
          <EndingFrame>1</EndingFrame>
          <Interval>200</Interval>
          <IsLoop>false</IsLoop>
        </Item>
      </Animations>
    </Overlay>
  </Asset>
</XnaContent>