﻿<?xml version="1.0" encoding="utf-8"?>
<XnaContent>
  <Asset Type="RolePlayingGameData.Weapon">
    <Name>Short Sword Plus</Name>
    <Description>Magically embued, this short sword will enhance a hero's abilities.</Description>
    <GoldValue>150</GoldValue>
    <IsDroppable>true</IsDroppable>
    <MinimumCharacterLevel>1</MinimumCharacterLevel>
    <SupportedClasses>
      <Item>Warrior</Item>
      <Item>Paladin</Item>
    </SupportedClasses>
    <IconTextureName>Sword03c</IconTextureName>
    <OwnerBuffStatistics>
      <HealthPoints>5</HealthPoints>
      <PhysicalOffense>2</PhysicalOffense>
    </OwnerBuffStatistics>
    <TargetDamageRange>
      <Minimum>10</Minimum>
      <Maximum>18</Maximum>
    </TargetDamageRange>
    <SwingCueName>SwordSwing</SwingCueName>
    <HitCueName>SwordHit</HitCueName>
    <BlockCueName>SwordBlock</BlockCueName>
    <Overlay>
      <TextureName>Spells\OverlayMelee</TextureName>
      <FrameDimensions>83 97</FrameDimensions>
      <FramesPerRow>1</FramesPerRow>
      <Animations>
        <Item>
          <StartingFrame>1</StartingFrame>
          <EndingFrame>1</EndingFrame>
          <Interval>200</Interval>
          <IsLoop>false</IsLoop>
        </Item>
      </Animations>
    </Overlay>
  </Asset>
</XnaContent>