<?xml version="1.0" encoding="utf-8" ?>
<Deployment xmlns="http://schemas.microsoft.com/windowsphone/2009/deployment" AppPlatformVersion="7.0">
  <App xmlns="" ProductID="{20c6eedc-65bb-4a1e-9314-16526de61ffd}" Title="CPU Skinning" RuntimeType="XNA" Version="1.0.0.0" Genre="Apps.Normal" Author="" Description="" Publisher="">
    <IconPath IsRelative="true" IsResource="false"></IconPath>
    <Capabilities>
        <Capability Name="ID_CAP_NETWORKING" />
        <Capability Name="ID_CAP_LOCATION" />
        <Capability Name="ID_CAP_SENSORS" />
        <Capability Name="ID_CAP_MICROPHONE" />
        <Capability Name="ID_CAP_MEDIALIB" />
        <Capability Name="ID_CAP_GAMERSERVICES" />
        <Capability Name="ID_CAP_PHONEDIALER" />
        <Capability Name="ID_CAP_PUSH_NOTIFICATION" />
        <Capability Name="ID_CAP_WEBBROWSERCOMPONENT" />
    </Capabilities>
    <Tasks>
      <DefaultTask Name="_default"/>
    </Tasks>
    <Tokens>
      <PrimaryToken TokenID="CpuSkinningDemoToken" TaskName="_default">
        <TemplateType5>
          <BackgroundImageURI IsRelative="true" IsResource="false">Background.png</BackgroundImageURI>
          <Count>0</Count>
          <Title>CPU Skinning</Title>
        </TemplateType5>
      </PrimaryToken>
    </Tokens>
  </App>
</Deployment>

