﻿<?xml version="1.0" encoding="utf-8"?>
<XnaContent>
  <Asset Type="RolePlayingGameData.Spell">
    <Name>Magical-Defense Down</Name>
    <Description>Reduces an enemy's magical defense.</Description>
    <MagicPointCost>5</MagicPointCost>
    <IsOffensive>true</IsOffensive>
    <TargetDuration>3</TargetDuration>
    <InitialTargetEffectRange>
      <MagicalDefenseRange>
        <Minimum>2</Minimum>
        <Maximum>5</Maximum>
      </MagicalDefenseRange>
    </InitialTargetEffectRange>
    <AdjacentTargets>0</AdjacentTargets>
    <LevelingProgression>
      <MagicalDefense>4</MagicalDefense>
    </LevelingProgression>
    <CreatingCueName>MagicalOffense</CreatingCueName>
    <TravelingCueName />
    <ImpactCueName>PlayerHit</ImpactCueName>
    <BlockCueName>MagicalDefense</BlockCueName>
    <IconTextureName>HealSmallIcon</IconTextureName>
    <SpellSprite>
      <TextureName>Spells\HealSmallSpell</TextureName>
      <FrameDimensions>48 48</FrameDimensions>
      <FramesPerRow>6</FramesPerRow>
      <SourceOffset>9 9</SourceOffset>
      <Animations>
        <Item>
          <Name>Creation</Name>
          <StartingFrame>1</StartingFrame>
          <EndingFrame>12</EndingFrame>
          <Interval>100</Interval>
          <IsLoop>false</IsLoop>
        </Item>
        <Item>
          <Name>Traveling</Name>
          <StartingFrame>12</StartingFrame>
          <EndingFrame>12</EndingFrame>
          <Interval>120</Interval>
          <IsLoop>true</IsLoop>
        </Item>
        <Item>
          <Name>Impact</Name>
          <StartingFrame>13</StartingFrame>
          <EndingFrame>18</EndingFrame>
          <Interval>200</Interval>
          <IsLoop>false</IsLoop>
        </Item>
      </Animations>
    </SpellSprite>
    <Overlay>
      <TextureName>Spells\EffectSmall</TextureName>
      <FrameDimensions>61 98</FrameDimensions>
      <FramesPerRow>6</FramesPerRow>
      <Animations>
        <Item>
          <StartingFrame>1</StartingFrame>
          <EndingFrame>6</EndingFrame>
          <Interval>130</Interval>
          <IsLoop>false</IsLoop>
        </Item>
      </Animations>
    </Overlay>
  </Asset>
</XnaContent>