﻿<?xml version="1.0" encoding="utf-8" ?>
<XnaContent>
  <Asset Type="RolePlayingGameData.Monster">
      <Name>Bandit Leader</Name>
      <MapSprite>
          <TextureName>Characters\Warrior1IdleRight</TextureName>
          <FrameDimensions>138 192</FrameDimensions>
          <FramesPerRow>6</FramesPerRow>
          <SourceOffset>69 125</SourceOffset>
          <Animations />
      </MapSprite>
      <CharacterClassContentName>Warrior</CharacterClassContentName>
      <CharacterLevel>6</CharacterLevel>
      <InitialEquipmentContentNames>
          <Item>Weapons\ClaymorePlus</Item>
          <Item>Armor\LeatherArmor</Item>
          <Item>Armor\LeatherShield</Item>
          <Item>Armor\LeatherBoots</Item>
          <Item>Armor\LeatherHelmet</Item>
      </InitialEquipmentContentNames>
      <Inventory>
          <Item>
			  <ContentName>Items\MinorHealingPotion</ContentName>
			  <Count>5</Count>
          </Item>
      </Inventory>
      <CombatSprite>
          <TextureName>Characters\Warrior1AttackLeft</TextureName>
          <FrameDimensions>288 192</FrameDimensions>
          <FramesPerRow>6</FramesPerRow>
          <SourceOffset>155 135</SourceOffset>
          <Animations />
      </CombatSprite>
      <DefendPercentage>30</DefendPercentage>
      <GearDrops>
          <Item>
              <GearName>Items\HealingPotion</GearName>
              <DropPercentage>60</DropPercentage>
          </Item>
          <Item>
              <GearName>Items\MinorHealingPotion</GearName>
              <DropPercentage>100</DropPercentage>
          </Item>
          <Item>
              <GearName>Weapons\ClaymorePlus</GearName>
              <DropPercentage>100</DropPercentage>
          </Item>
          <Item>
              <GearName>Armor\LeatherShield</GearName>
              <DropPercentage>10</DropPercentage>
          </Item>
          <Item>
              <GearName>Armor\LeatherArmor</GearName>
              <DropPercentage>10</DropPercentage>
          </Item>
          <Item>
              <GearName>Armor\LeatherBoots</GearName>
              <DropPercentage>10</DropPercentage>
          </Item>
      </GearDrops>
  </Asset>
</XnaContent>
