﻿<?xml version="1.0" encoding="utf-8" ?>
<XnaContent>
  <Asset Type="RolePlayingGameData.Armor">
      <Name>Magic Mage Hood</Name>
      <Description>This set provides superior magical protection for spellcasters.</Description>
      <GoldValue>500</GoldValue>
      <IsDroppable>true</IsDroppable>
      <MinimumCharacterLevel>4</MinimumCharacterLevel>
      <SupportedClasses>
          <Item>Wizard</Item>
          <Item>Red Mage</Item>
      </SupportedClasses>
      <IconTextureName>Hood02c</IconTextureName>
	  <OwnerBuffStatistics>
		  <MagicPoints>15</MagicPoints>
		  <MagicalOffense>5</MagicalOffense>
	  </OwnerBuffStatistics>
	  <Slot>Helmet</Slot>
      <OwnerHealthDefenseRange>
          <Minimum>6</Minimum>
          <Maximum>8</Maximum>
      </OwnerHealthDefenseRange>
      <OwnerMagicDefenseRange>
          <Minimum>8</Minimum>
          <Maximum>10</Maximum>
      </OwnerMagicDefenseRange>
  </Asset>
</XnaContent>
