﻿<?xml version="1.0" encoding="utf-8" ?>
<XnaContent>
  <Asset Type="RolePlayingGameData.Armor">
      <Name>Worn Robe</Name>
      <Description>This set provides basic magical protection for spellcasters.</Description>
      <GoldValue>400</GoldValue>
      <IsDroppable>true</IsDroppable>
      <MinimumCharacterLevel>2</MinimumCharacterLevel>
      <SupportedClasses>
          <Item>Wizard</Item>
          <Item>Red Mage</Item>
      </SupportedClasses>
      <IconTextureName>Torso05a</IconTextureName>
	  <OwnerBuffStatistics>
		  <MagicPoints>5</MagicPoints>
	  </OwnerBuffStatistics>
	  <Slot>Torso</Slot>
	  <OwnerHealthDefenseRange>
		  <Minimum>3</Minimum>
		  <Maximum>6</Maximum>
	  </OwnerHealthDefenseRange>
	  <OwnerMagicDefenseRange>
		  <Minimum>5</Minimum>
		  <Maximum>10</Maximum>
	  </OwnerMagicDefenseRange>
  </Asset>
</XnaContent>
