﻿<?xml version="1.0" encoding="utf-8"?>
<XnaContent>
  <Asset Type="RolePlayingGameData.Monster">
    <Name>Bandit Master</Name>
    <MapSprite>
      <TextureName>Characters\Warrior1IdleRight</TextureName>
      <FrameDimensions>65 90</FrameDimensions>
      <FramesPerRow>6</FramesPerRow>
      <SourceOffset>32 58</SourceOffset>
      <Animations />
    </MapSprite>
    <CharacterClassContentName>Warrior</CharacterClassContentName>
    <CharacterLevel>7</CharacterLevel>
    <InitialEquipmentContentNames>
      <Item>Weapons\Longsword</Item>
      <Item>Armor\BronzeArmor</Item>
      <Item>Armor\LeatherShield</Item>
      <Item>Armor\LeatherBoots</Item>
      <Item>Armor\LeatherHelmet</Item>
    </InitialEquipmentContentNames>
    <Inventory>
      <Item>
        <ContentName>Items\MinorHealingPotion</ContentName>
        <Count>5</Count>
      </Item>
    </Inventory>
    <CombatSprite>
      <TextureName>Characters\Warrior1AttackLeft</TextureName>
      <FrameDimensions>135 90</FrameDimensions>
      <FramesPerRow>6</FramesPerRow>
      <SourceOffset>52 63</SourceOffset>
      <Animations />
    </CombatSprite>
    <DefendPercentage>30</DefendPercentage>
    <GearDrops>
      <Item>
        <GearName>Items\HealingPotion</GearName>
        <DropPercentage>100</DropPercentage>
      </Item>
      <Item>
        <GearName>Items\MinorHealingPotion</GearName>
        <DropPercentage>100</DropPercentage>
      </Item>
      <Item>
        <GearName>Items\MajorHealingPotion</GearName>
        <DropPercentage>100</DropPercentage>
      </Item>
      <Item>
        <GearName>Armor\LeatherShield</GearName>
        <DropPercentage>10</DropPercentage>
      </Item>
      <Item>
        <GearName>Armor\BronzeArmor</GearName>
        <DropPercentage>10</DropPercentage>
      </Item>
      <Item>
        <GearName>Armor\LeatherBoots</GearName>
        <DropPercentage>10</DropPercentage>
      </Item>
    </GearDrops>
  </Asset>
</XnaContent>