﻿<?xml version="1.0" encoding="utf-8"?>
<XnaContent>
  <Asset Type="RolePlayingGameData.Monster">
    <Name>Brute Mage</Name>
    <MapSprite>
      <TextureName>Characters\Boss3IdleLeft</TextureName>
      <FrameDimensions>82 101</FrameDimensions>
      <FramesPerRow>6</FramesPerRow>
      <SourceOffset>40 73</SourceOffset>
      <Animations />
    </MapSprite>
    <CharacterClassContentName>Wizard</CharacterClassContentName>
    <CharacterLevel>8</CharacterLevel>
    <InitialEquipmentContentNames>
      <Item>Weapons\MysticalStaff</Item>
      <Item>Armor\MagicRobe</Item>
      <Item>Armor\MagicMageBoots</Item>
      <Item>Armor\MagicMageHood</Item>
    </InitialEquipmentContentNames>
    <Inventory>
      <Item>
        <ContentName>Items\MajorMagicPotion</ContentName>
        <Count>5</Count>
      </Item>
    </Inventory>
    <CombatSprite>
      <TextureName>Characters\Boss2AttackLeft</TextureName>
      <FrameDimensions>135 135</FrameDimensions>
      <FramesPerRow>6</FramesPerRow>
      <SourceOffset>70 112</SourceOffset>
      <Animations>
        <Item>
          <Name>Walk</Name>
          <StartingFrame>25</StartingFrame>
          <EndingFrame>30</EndingFrame>
          <Interval>80</Interval>
          <IsLoop>true</IsLoop>
        </Item>
      </Animations>
    </CombatSprite>
    <DefendPercentage>30</DefendPercentage>
    <GearDrops>
      <Item>
        <GearName>Items\MagicPotion</GearName>
        <DropPercentage>40</DropPercentage>
      </Item>
      <Item>
        <GearName>Weapons\MysticalStaff</GearName>
        <DropPercentage>10</DropPercentage>
      </Item>
      <Item>
        <GearName>Armor\MagicRobe</GearName>
        <DropPercentage>10</DropPercentage>
      </Item>
      <Item>
        <GearName>Armor\MagicMageBoots</GearName>
        <DropPercentage>10</DropPercentage>
      </Item>
      <Item>
        <GearName>Armor\MagicMageHood</GearName>
        <DropPercentage>10</DropPercentage>
      </Item>
    </GearDrops>
  </Asset>
</XnaContent>