﻿<?xml version="1.0" encoding="utf-8"?>
<XnaContent>
  <Asset Type="RolePlayingGameData.Monster">
    <Name>Goblin Grunt</Name>
    <MapSprite>
      <TextureName>Characters\GoblinIdleLeft</TextureName>
      <FrameDimensions>59 79</FrameDimensions>
      <FramesPerRow>6</FramesPerRow>
      <SourceOffset>29 60</SourceOffset>
      <Animations />
    </MapSprite>
    <CharacterClassContentName>Warrior</CharacterClassContentName>
    <CharacterLevel>2</CharacterLevel>
    <InitialEquipmentContentNames>
      <Item>Weapons\ShortSword</Item>
    </InitialEquipmentContentNames>
    <Inventory />
    <CombatSprite>
      <TextureName>Characters\GoblinAttackLeft</TextureName>
      <FrameDimensions>105 79</FrameDimensions>
      <FramesPerRow>6</FramesPerRow>
      <SourceOffset>56 63</SourceOffset>
      <Animations />
    </CombatSprite>
    <DefendPercentage>0</DefendPercentage>
    <GearDrops>
      <Item>
        <GearName>Items\MinorHealingPotion</GearName>
        <DropPercentage>60</DropPercentage>
      </Item>
    </GearDrops>
  </Asset>
</XnaContent>