﻿<?xml version="1.0" encoding="utf-8"?>
<XnaContent>
  <Asset Type="RolePlayingGameData.FixedCombat">
    <Name>Bandit Misc 5b</Name>
    <Entries>
      <Item>
        <ContentName>BanditLeader</ContentName>
        <Count>1</Count>
      </Item>
      <Item>
        <ContentName>BanditGuard</ContentName>
        <Count>2</Count>
      </Item>
      <Item>
        <ContentName>BanditMage</ContentName>
        <Count>2</Count>
      </Item>
    </Entries>
  </Asset>
</XnaContent>