﻿<?xml version="1.0" encoding="utf-8"?>
<XnaContent>
  <Asset Type="RolePlayingGameData.Map">
    <Name>Map011</Name>
    <MapDimensions>32 13</MapDimensions>
    <TileSize>30 30</TileSize>
    <SpawnMapPosition>25 5</SpawnMapPosition>
    <TextureName>DungeonTiles</TextureName>
    <CombatTextureName>CombatBkgdDungeon</CombatTextureName>
    <MusicCueName>DungeonTheme</MusicCueName>
    <CombatMusicCueName>BattleTheme</CombatMusicCueName>
    <BaseLayer>
          -1   3   3   3   3   3   3   3   3   3   3   3   3   3   3   3   3   3   3   3   3   3   3   3   3   3   3   3   3   3   3   7
          0  -1  -1  -1  -1  -1  -1  -1  -1  -1  -1  -1  -1  -1  -1  -1  -1  -1  -1  -1  -1  -1  -1  -1  -1  -1  -1  -1  -1  -1  -1   1
          0  -1  -1  -1  12  -1  -1  -1  -1  -1  12  -1  -1  -1  -1  12  12  -1  -1  -1  -1  12  -1  -1  -1  12  -1  -1  -1  -1  -1   1
          0  -1  -1  -1  -1  -1  -1  -1  -1  -1  -1  -1  -1  -1  -1  -1  -1  -1  -1  -1  -1  -1  -1  -1  -1  -1  12  -1  -1  -1  -1   1
          0  -1  19  -1  19  19  19  19  19  19  19  19  19  19  19  19  19  19  19  19  19  19  19  19  19  19  19  19  -1  19  -1   1
          0  -1  -1  -1  -1  -1  -1  -1  -1  -1  -1  -1  -1  -1  -1  -1  -1  -1  -1  -1  -1  -1  -1  -1  -1  -1  -1  -1  -1  -1  -1   1
          0  -1  -1  -1  -1  -1  -1  -1  -1  -1  -1  -1  -1  -1  -1  -1  -1  -1  -1  -1  -1  -1  -1  -1  -1  -1  -1  -1  -1  -1  -1   1
          0  -1  -1  -1  -1  -1  -1  -1  -1  -1  -1  -1  -1  -1  -1  -1  -1  -1  -1  -1  -1  -1  -1  -1  -1  -1  -1  -1  -1  -1  -1   1
          0  -1  19  -1  19  19  19  19  19  19  19  19  19  19  19  19  19  19  19  19  19  19  19  19  19  19  19  19  -1  19  -1   1
          0  -1  -1  -1  -1  12  -1  -1  12  -1  -1  12  -1  -1  12  -1  -1  12  -1  -1  12  -1  -1  12  -1  -1  12  -1  -1  -1  -1   1
          0  -1  -1  -1  12  -1  -1  -1  -1  -1  12  -1  -1  -1  -1  12  12  -1  -1  -1  -1  12  -1  -1  -1  12  -1  -1  -1  -1  -1   1
          0  -1  -1  -1  -1  -1  -1  -1  -1  -1  -1  -1  -1  -1  -1  -1  -1  -1  -1  -1  -1  -1  -1  -1  -1  -1  -1  -1  -1  -1  -1   1
          4   2   2   2   2   2   2   2   2   2   2   2   2   2   2   2   2   2   2   2   2   2   2   2   2   2   2   2   2   2   2   5
      </BaseLayer>
    <FringeLayer>
          6  -1  -1  -1  -1  -1  -1  -1  -1  -1  -1  -1  -1  -1  -1  -1  -1  -1  -1  -1  -1  -1  -1  -1  -1  -1  -1  -1  -1  -1  -1  -1
          -1  59  60  37  11  11  11  11  11  11  11  11  11  11  11  11  11  11  11  11  11  11  11  11  11  11  11  11  48  59  60  -1
          -1  53  54  36 153  12  12  66  12  12 174  12  12  66  12 153 153  12  12  66  12 174  12  66  12 153  66  12  49  53  54  -1
          -1  33  34  35  14 129  14  14 129  14  14 129  14  14 129  14  14 129  14  14 129  14  14 129  14  14 129  14  50  51  52  -1
          -1  18  19  20 157 157 157 157 157 157 157 157 157 157 157 157 157 157 157 157 157 157 157 157 157 157 157 157  29  19  27  -1
          -1 116 117 118  85  86  86  86  86  86  86  86  86  86  86  86  86  86  86  86  86  86  86  86  86  86  86  87 123 124 121  -1
          -1 112 102 119  83  82  82  82  82  82  82  82  82  82  82  82  82  82  82  82  82  82  82  82  82  82  82  84 125 102 120  -1
          -1 113 114 115  88  89  89  89  89  89  89  89  89  89  89  89  89  89  89  89  89  89  89  89  89  89  89  90 126 127 122  -1
          -1  18  19  20 157 157 157 157 157 157 157 157 157 157 157 157 157 157 157 157 157 157 157 157 157 157 157 157  29  19  27  -1
          -1  40  41  42  23 128  23  23 128  23  23 128  23  23 128  23  23 128  23  23 128  23  23 128  23  23 128  23  45  46  47  -1
          -1  59  60  39 154  22  22  65  22  22 175  22  22  65  22 154 154  22  22  65  22 175  22  65  22 154  65  22  44  59  60  -1
          -1  53  54  38  21  21  21  21  21  21  21  21  21  21  21  21  21  21  21  21  21  21  21  21  21  21  21  21  43  53  54  -1
          -1  -1  -1  -1  -1  -1  -1  -1  -1  -1  -1  -1  -1  -1  -1  -1  -1  -1  -1  -1  -1  -1  -1  -1  -1  -1  -1  -1  -1  -1  -1  -1
      </FringeLayer>
    <ObjectLayer>
          -1  -1  -1  -1  -1  -1  -1  -1  -1  -1  -1  -1  -1  -1  -1  -1  -1  -1  -1  -1  -1  -1  -1  -1  -1  -1  -1  -1  -1  -1  -1  -1
          -1  -1  -1  -1  -1  -1  -1  -1  -1  -1  -1  -1  -1  -1  -1  -1  -1  -1  -1  -1  -1  -1  -1  -1  -1  -1  -1  -1  -1  -1  -1  -1
          -1  -1  -1  -1  -1  -1  -1  -1  -1  -1  -1  -1  -1  -1  -1  -1  -1  -1  -1  -1  -1  -1  -1  -1  -1  -1  -1  -1  -1  -1  -1  -1
          -1  -1  -1  -1  -1  -1  -1  -1  -1  -1  -1  -1  -1  -1  -1  -1  -1  -1  -1  -1  -1  -1  -1  -1  -1  -1  -1  -1  -1  -1  -1  -1
          -1  -1  -1  -1  -1  -1  -1  -1  -1  -1  -1  -1  -1  -1  -1  -1  -1  -1  -1  -1  -1  -1  -1  -1  -1  -1  -1  -1  -1  -1  -1  -1
          -1  -1  -1  -1  -1  -1  -1  -1  -1  -1  -1  -1  -1  -1  -1  -1  -1  -1  -1  -1  -1  -1  -1  -1  -1  -1  -1  -1  -1  -1  -1  -1
          -1  -1  -1  -1  -1  -1  -1  -1  -1  -1  -1  -1  -1  -1  -1  -1  -1  -1  -1  -1  -1  -1  -1  -1  -1  -1  -1  -1  -1  -1  -1  -1
          -1  -1  -1  -1  -1  -1  -1  -1  -1  -1  -1  -1  -1  -1  -1  -1  -1  -1  -1  -1  -1  -1  -1  -1  -1  -1  -1  -1  -1  -1  -1  -1
          -1  -1  -1  -1  -1  -1  -1  -1  -1  -1  -1  -1  -1  -1  -1  -1  -1  -1  -1  -1  -1  -1  -1  -1  -1  -1  -1  -1  -1  -1  -1  -1
          -1  -1  -1  -1  -1  -1  -1  -1  -1  -1  -1  -1  -1  -1  -1  -1  -1  -1  -1  -1  -1  -1  -1  -1  -1  -1  -1  -1  -1  -1  -1  -1
          -1  -1  -1  -1  -1  -1  -1  -1  -1  -1  -1  -1  -1  -1  -1  -1  -1  -1  -1  -1  -1  -1  -1  -1  -1  -1  -1  -1  -1  -1  -1  -1
          -1  -1  -1  -1  -1  -1  -1  -1  -1  -1  -1  -1  -1  -1  -1  -1  -1  -1  -1  -1  -1  -1  -1  -1  -1  -1  -1  -1  -1  -1  -1  -1
          -1  -1  -1  -1  -1  -1  -1  -1  -1  -1  -1  -1  -1  -1  -1  -1  -1  -1  -1  -1  -1  -1  -1  -1  -1  -1  -1  -1  -1  -1  -1  -1
      </ObjectLayer>
    <CollisionLayer>
          0   0   0   0   0   0   0   0   0   0   0   0   0   0   0   0   0   0   0   0   0   0   0   0   0   0   0   0   0   0   0   0
          0   0   0   0   0   0   0   0   0   0   0   0   0   0   0   0   0   0   0   0   0   0   0   0   0   0   0   0   0   0   0   0
          0   0   0   0   0   0   0   0   0   0   0   0   0   0   0   0   0   0   0   0   0   0   0   0   0   0   0   0   0   0   0   0
          0   0   0   0   0   0   0   0   0   0   0   0   0   0   0   0   0   0   0   0   0   0   0   0   0   0   0   0   0   0   0   0
          0   0   0   1   1   1   1   1   1   1   1   1   1   1   1   1   1   1   1   1   1   1   1   1   1   1   1   1   1   0   0   0
          0   0   0   1   0   0   0   0   0   0   0   0   0   0   0   0   0   0   0   0   0   0   0   0   0   0   0   0   1   0   0   0
          0   0   0   0   0   0   0   0   0   0   0   0   0   0   0   0   0   0   0   0   0   0   0   0   0   0   0   0   0   0   0   0
          0   0   0   1   0   0   0   0   0   0   0   0   0   0   0   0   0   0   0   0   0   0   0   0   0   0   0   0   1   0   0   0
          0   0   0   1   0   1   1   1   1   1   1   1   1   1   1   1   1   1   1   1   1   1   1   1   1   1   1   1   1   0   0   0
          0   0   0   1   0   0   0   0   0   0   0   0   0   0   0   0   0   0   0   0   0   0   0   0   0   0   0   0   1   0   0   0
          0   0   0   0   0   0   0   0   0   0   0   0   0   0   0   0   0   0   0   0   0   0   0   0   0   0   0   0   0   0   0   0
          0   0   0   0   0   0   0   0   0   0   0   0   0   0   0   0   0   0   0   0   0   0   0   0   0   0   0   0   0   0   0   0
          0   0   0   0   0   0   0   0   0   0   0   0   0   0   0   0   0   0   0   0   0   0   0   0   0   0   0   0   0   0   0   0
      </CollisionLayer>
    <Portals>
      <Item>
        <Name>P1</Name>
        <LandingMapPosition>26 6</LandingMapPosition>
        <DestinationMapContentName>Map010</DestinationMapContentName>
        <DestinationMapPortalName>P2</DestinationMapPortalName>
      </Item>
      <Item>
        <Name>P2</Name>
        <LandingMapPosition>5 6</LandingMapPosition>
        <DestinationMapContentName>Map012</DestinationMapContentName>
        <DestinationMapPortalName>P1</DestinationMapPortalName>
      </Item>
    </Portals>
    <PortalEntries>
      <Item>
        <ContentName>P1</ContentName>
        <MapPosition>28 6</MapPosition>
      </Item>
      <Item>
        <ContentName>P2</ContentName>
        <MapPosition>3 6</MapPosition>
      </Item>
    </PortalEntries>
    <ChestEntries>
      <Item>
        <ContentName>MajorMagic</ContentName>
        <MapPosition>24 5</MapPosition>
      </Item>
      <Item>
        <ContentName>MajorHealing</ContentName>
        <MapPosition>7 7</MapPosition>
      </Item>
    </ChestEntries>
    <FixedCombatEntries />
    <RandomCombat>
      <CombatProbability>10</CombatProbability>
      <FleeProbability>50</FleeProbability>
      <MonsterCountRange>
        <Minimum>2</Minimum>
        <Maximum>3</Maximum>
      </MonsterCountRange>
      <Entries>
        <Item>
          <ContentName>OrcBrute</ContentName>
          <Count>2</Count>
          <Weight>100</Weight>
        </Item>
        <Item>
          <ContentName>OrcCaptain</ContentName>
          <Count>2</Count>
          <Weight>100</Weight>
        </Item>
        <Item>
          <ContentName>BruteMaster</ContentName>
          <Count>1</Count>
          <Weight>100</Weight>
        </Item>
      </Entries>
    </RandomCombat>
    <QuestNpcEntries />
    <PlayerNpcEntries />
    <InnEntries />
    <StoreEntries />
  </Asset>
</XnaContent>