﻿<?xml version="1.0" encoding="utf-8"?>
<XnaContent>
  <Asset Type="RolePlayingGameData.Map">
    <Name>Map007</Name>
    <MapDimensions>30 22</MapDimensions>
    <TileSize>30 30</TileSize>
    <SpawnMapPosition>2 4</SpawnMapPosition>
    <TextureName>ForestTiles</TextureName>
    <CombatTextureName>CombatBkgdVillage</CombatTextureName>
    <MusicCueName>ForestTheme</MusicCueName>
    <CombatMusicCueName>BattleTheme</CombatMusicCueName>
    <BaseLayer>
          76  76  76  76  76  76  97  95  95  95  95  95  95  95  95  95  95  95  95  95 111  95  95  95 111  95  95  95  95 111
          38  38  38  38  38  41  73  97 111  95 108  95 111  95  95  95  95 111  95  95  95 108  95  95  95 108  95  95  95  95
          22  36  22  36  22  42  35  79  95  95  95  95  95 110  95  95  95  95  95  95  95  95  95  95  95  95  95  95  95  95
          1   1   1   1   2  42  35  79  95 110  95 110 110 109 110  95  95  95  95 112  95 112  95 113  95  95 112  95  95  95
          7   7   7   7   8  42   4  79  95  95  95  95  95 110  95 111 108  95  95  95  95  95  95  95  95  95  95  95  95  95
          36  22  36  22  36  42  35  73  76  76  76  76  76  76  76  76  76  76  97  95  95  95  95  95  95  95  95  95  95  95
          40  40  58  59  60  -1  35   0  -1  -1  -1  -1  -1  -1  -1  -1  -1  -1   4  95 110  95  95  95 110  95  95 110  95  95
          50  50  61  62  63  -1  35   3   4   7   7   7   7   7   7  10   4   5   4 113  95  95  95  95  95 108  95  95  95  95
          128  41   4  35   4  41  35   3  -1  75  89  80  80  80 107   6   7  -1  79  95  95  95  95 113  95  95  95  95  95  95
          4  41   4  35   4  41  18   3  -1  77  77  -1  -1  -1 104  90  77  77  99  95  95  95  95  95  95  95 113  95  95  95
          128  41   4  35   4  41  35   3   4  -1  -1  -1   4  -1  -1   4 113 111  95  95  95  95 112  95  95  95  95  95 112  95
          41  41  35  35  35  35  35   3   4  -1  -1  -1   4  -1  -1   4 111 113  95 110  95 113  95  95  95 110  95  95  95  95
          4  41  36 258 259   4  35   3  -1  74  74  -1  -1  -1 106  88  76  76  97  95  95  95  95  95  95  95  95  95  95  95
          128  41  41 260 261  35   4   3  -1  74  87  80  80  80 105   0   4  -1  79  95  95  95 108  95 113  95  95  95  95  95
          41  41  36  41  36  35  35   3   4  -1   1   1   1   1  -1  12   4   5  79  95 112  95  95  95  95  95  95 112  95 112
          128  41  41   4  35  18  35   6  -1  -1  -1  -1  -1  -1  -1  -1  -1  -1  79  95  95  95  95 112  95  95  95  95  95  95
          41  41  35   4  41  35  41  75  77  77  77  77  77  77  77  77  77  77  99 108  95 109  95  95  95  95 108  95  95  95
          4  41  36  41  36  35  41  79  95 109  95 108  95 111 111  95  95  95  95  95  95 109  95 109  95  95  95  95  95  95
          128  41 258 259  41  35  41  79 109 109  95  95  95  95  95  95  95 110  95 111  95  95 110  95  95  95  95  95  95  95
          41  41 260 261  36  35  41  79  95  95 109  95  95 111  95  95  95  95  95  95  95 109  95 109  95 108  95 113  95  95
          4  41  41  41  41  41  41  79  95  95  95 108  95  95  95  95  95  95 111  95 108  95  95  95  95  95  95  95  95  95
          35  35  35  35  35  35  35  79  95  95  95  95  95  95  95  95  95  95  95  95  95  95  95  95  95  95  95  95  95  95
      </BaseLayer>
    <FringeLayer>
          -1  -1  -1  -1  -1  -1  -1  -1  -1  -1  -1  -1  -1  -1  -1  -1  -1  -1  -1  -1  -1  -1  -1  -1  -1  -1  -1  -1  -1  -1
          -1  -1  -1  -1  -1  39  -1  -1  -1  -1  -1  -1  -1  -1  -1  -1  -1  -1  -1  -1  -1  -1  -1  -1  -1  -1  -1  -1  -1  -1
          -1  -1  -1  -1  -1  42  -1  -1  -1  -1  -1  -1  -1  -1  -1  -1  -1  -1  -1  -1  -1  -1  -1  -1  -1  -1  -1  -1  -1  -1
          -1  -1  -1  -1  -1  42  -1  -1  -1  -1  -1  -1  -1  -1  -1  -1  -1  -1  -1  -1  -1  -1  -1  -1  -1  -1  -1  -1  -1  -1
          -1  -1  -1  -1  -1  42  22  -1  -1  -1  -1  -1  -1  -1  -1  -1  -1  -1  -1  -1  -1  -1  -1  -1  -1  -1  -1  -1  -1  -1
          -1  -1  -1  -1  -1  42  -1  -1  -1  -1  -1  -1  -1  -1  -1  -1  -1  -1  -1  -1  -1  -1  -1  -1  -1  -1  -1  -1  -1  -1
          49  49  -1  -1  -1  51  -1  -1   1   1   1   1   1   1   1   1   1   2  79  -1  -1  -1  -1  -1  -1  -1  -1  -1  -1  -1
          -1  -1  -1  -1  -1  52  -1  -1   9  -1  -1  -1  -1  -1  -1  -1  -1  -1  79  -1  -1  -1  -1  -1  -1  -1  -1  -1  -1  -1
          -1 122  36  -1  36  -1  -1  -1   5  -1  -1  -1  -1  -1  -1  -1  -1   8  -1  -1  -1  -1  -1  -1  -1  -1  -1  -1  -1  -1
          22 124  22  -1  22  -1  22  -1   5  73  72   0   1   2  -1  -1  -1  -1  -1  -1  -1  -1  -1  -1  -1  -1  -1  -1  -1  -1
          -1 124  36  -1  36  -1  -1  -1  11   1   1  12  -1  11   2  79  -1  -1  -1  -1  -1  -1  -1  -1  -1  -1  -1  -1  -1  -1
          -1 124  -1  -1  -1  -1  -1  -1   9   7   7  10  -1   9   8  79  -1  -1  -1  -1  -1  -1  -1  -1  -1  -1  -1  -1  -1  -1
          22 124  -1  -1  -1  22  -1  -1   5  75  -1   6   7   8  -1  -1  -1  -1  -1  -1  -1  -1  -1  -1  -1  -1  -1  -1  -1  -1
          -1 124  -1  -1  -1  -1  22  -1   5  73  -1  -1  -1  -1  -1  -1   1   2  -1  -1  -1  -1  -1  -1  -1  -1  -1  -1  -1  -1
          -1 124  -1  -1  -1  -1  -1  -1  11   1  -1  -1  -1  -1   1  -1  -1  -1  -1  -1  -1  -1  -1  -1  -1  -1  -1  -1  -1  -1
          -1 124  -1  22  -1  22  -1  -1   7   7   7   7   7   7   7   7   7   8  -1  -1  -1  -1  -1  -1  -1  -1  -1  -1  -1  -1
          -1 124  -1  22  -1  -1 122  -1  -1  -1  -1  -1  -1  -1  -1  -1  -1  -1  -1  -1  -1  -1  -1  -1  -1  -1  -1  -1  -1  -1
          22 124  -1  -1  -1  -1 124  -1  -1  -1  -1  -1  -1  -1  -1  -1  -1  -1  -1  -1  -1  -1  -1  -1  -1  -1  -1  -1  -1  -1
          -1 124  -1  -1  -1  -1 124  -1  -1  -1  -1  -1  -1  -1  -1  -1  -1  -1  -1  -1  -1  -1  -1  -1  -1  -1  -1  -1  -1  -1
          -1 124  -1  -1  -1  -1 124  -1  -1  -1  -1  -1  -1  -1  -1  -1  -1  -1  -1  -1  -1  -1  -1  -1  -1  -1  -1  -1  -1  -1
          22 119 121 121 121 121 117  -1  -1  -1  -1  -1  -1  -1  -1  -1  -1  -1  -1  -1  -1  -1  -1  -1  -1  -1  -1  -1  -1  -1
          -1  -1  -1  -1  -1  -1  -1  -1  -1  -1  -1  -1  -1  -1  -1  -1  -1  -1  -1  -1  -1  -1  -1  -1  -1  -1  -1  -1  -1  -1
      </FringeLayer>
    <ObjectLayer>
          -1  -1  -1  -1  -1  -1  -1  -1  -1  -1  -1  -1  -1  -1  -1  -1  -1  -1  -1  -1  -1  -1  -1  -1  -1  -1  -1  -1  -1  -1
          -1  -1  -1  -1  -1  -1  -1  -1  -1  -1  -1  -1  -1  -1  -1  -1  -1  -1  -1  -1  -1  -1  -1  -1  -1  -1  -1  -1  -1  -1
          -1  -1  -1  -1  -1  -1  -1  -1  -1  -1  -1  -1  -1  -1  -1  -1  -1  -1  -1  -1  -1  -1  -1  -1  -1  -1  -1  -1  -1  -1
          -1  -1  -1  -1  -1  -1  -1  -1  -1  -1  -1  -1  -1  -1  -1  -1  -1  -1  -1  -1  -1  -1  -1  -1  -1  -1  -1  -1  -1  -1
          -1  -1  -1  -1  -1  -1  -1  -1  -1  -1  -1  -1  -1  -1  -1  -1  -1  -1  -1  -1  -1  -1  -1  -1  -1  -1  -1  -1  -1  -1
          -1  -1  -1  -1  -1  -1  -1  -1  -1  -1  -1  -1  -1  -1  -1  -1  -1  -1  -1  -1  -1  -1  -1  -1  -1  -1  -1  -1  -1  -1
          -1  -1  -1  -1  -1  -1  -1  -1  -1  -1  -1  -1  -1  -1  -1  -1  -1  -1  -1  -1  -1  -1  -1  -1  -1  -1  -1  -1  -1  -1
          -1  -1  -1  -1  -1  -1  -1  -1  -1  -1  -1  -1  -1  -1  -1  -1  -1  -1  -1  -1  -1  -1  -1  -1  -1  -1  -1  -1  -1  -1
          -1  -1  -1  -1  -1  -1  -1  -1  -1  -1  -1  -1  -1  -1  -1  -1  -1  -1  -1  -1  -1  -1  -1  -1  -1  -1  -1  -1  -1  -1
          -1  -1  -1  -1  -1  -1  -1  -1  -1  -1  -1  -1  -1  -1  -1  -1  -1  -1  -1  -1  -1  -1  -1  -1  -1  -1  -1  -1  -1  -1
          -1  -1  -1  -1  -1  -1  -1  -1  -1  -1  -1  -1  -1  -1  -1  -1  -1  -1  -1  -1  -1  -1  -1  -1  -1  -1  -1  -1  -1  -1
          -1  -1  -1  -1  -1  -1  -1  -1  -1  -1  -1  -1  -1  -1  -1  -1  -1  -1  -1  -1  -1  -1  -1  -1  -1  -1  -1  -1  -1  -1
          -1  -1  -1  -1  -1  -1  -1  -1  -1  -1  -1  -1  -1  -1  -1  -1  -1  -1  -1  -1  -1  -1  -1  -1  -1  -1  -1  -1  -1  -1
          -1  -1  -1  -1  -1  -1  -1  -1  -1  -1  -1  -1  -1  -1  -1  -1  -1  -1  -1  -1  -1  -1  -1  -1  -1  -1  -1  -1  -1  -1
          -1  -1  -1  -1  -1  -1  -1  -1  -1  -1  -1  -1  -1  -1  -1  -1  -1  -1  -1  -1  -1  -1  -1  -1  -1  -1  -1  -1  -1  -1
          -1  -1  -1  -1  -1  -1  -1  -1  -1  -1  -1  -1  -1  -1  -1  -1  -1  -1  -1  -1  -1  -1  -1  -1  -1  -1  -1  -1  -1  -1
          -1  -1  -1  -1  -1  -1  -1  -1  -1  -1  -1  -1  -1  -1  -1  -1  -1  -1  -1  -1  -1  -1  -1  -1  -1  -1  -1  -1  -1  -1
          -1  -1  -1  -1  -1  -1  -1  -1  -1  -1  -1  -1  -1  -1  -1  -1  -1  -1  -1  -1  -1  -1  -1  -1  -1  -1  -1  -1  -1  -1
          -1  -1  -1  -1  -1  -1  -1  -1  -1  -1  -1  -1  -1  -1  -1  -1  -1  -1  -1  -1  -1  -1  -1  -1  -1  -1  -1  -1  -1  -1
          -1  -1  -1  -1  -1  -1  -1  -1  -1  -1  -1  -1  -1  -1  -1  -1  -1  -1  -1  -1  -1  -1  -1  -1  -1  -1  -1  -1  -1  -1
          -1  -1  -1  -1  -1  -1  -1  -1  -1  -1  -1  -1  -1  -1  -1  -1  -1  -1  -1  -1  -1  -1  -1  -1  -1  -1  -1  -1  -1  -1
          -1  -1  -1  -1  -1  -1  -1  -1  -1  -1  -1  -1  -1  -1  -1  -1  -1  -1  -1  -1  -1  -1  -1  -1  -1  -1  -1  -1  -1  -1
      </ObjectLayer>
    <CollisionLayer>
          1   1   1   1   1   1   1   0   0   0   0   0   0   0   0   0   0   0   0   0   0   0   0   0   0   0   0   0   0   0
          1   1   1   1   1   1   1   1   0   0   0   0   0   0   0   0   0   0   0   0   0   0   0   0   0   0   0   0   0   0
          0   0   0   0   0   1   0   1   0   0   0   0   0   0   0   0   0   0   0   0   0   0   0   0   0   0   0   0   0   0
          0   0   0   0   0   1   0   1   0   0   0   0   0   0   0   0   0   0   0   0   0   0   0   0   0   0   0   0   0   0
          0   0   0   0   0   1   0   1   0   0   0   0   0   0   0   0   0   0   0   0   0   0   0   0   0   0   0   0   0   0
          0   0   0   0   0   1   0   1   1   1   1   1   1   1   1   1   1   1   1   0   0   0   0   0   0   0   0   0   0   0
          1   1   1   0   1   1   0   0   0   0   0   0   0   0   0   0   0   0   1   0   0   0   0   0   0   0   0   0   0   0
          1   1   1   0   1   1   0   0   0   0   0   0   0   0   0   0   0   0   1   0   0   0   0   0   0   0   0   0   0   0
          0   1   0   0   0   0   0   0   0   1   1   1   1   1   1   0   0   0   1   0   0   0   0   0   0   0   0   0   0   0
          0   1   0   0   0   0   0   0   0   1   1   0   0   0   1   1   1   1   1   0   0   0   0   0   0   0   0   0   0   0
          0   1   0   0   0   0   0   0   0   0   0   0   0   0   0   1   0   0   0   0   0   0   0   0   0   0   0   0   0   0
          0   1   0   0   0   0   0   0   0   0   0   0   0   0   0   1   0   0   0   0   0   0   0   0   0   0   0   0   0   0
          0   1   0   1   1   0   0   0   0   1   1   0   0   0   1   1   1   1   1   0   0   0   0   0   0   0   0   0   0   0
          0   1   0   1   1   0   0   0   0   1   1   1   1   1   1   0   0   0   1   0   0   0   0   0   0   0   0   0   0   0
          0   1   0   0   0   0   0   0   0   0   0   0   0   0   0   0   0   0   1   0   0   0   0   0   0   0   0   0   0   0
          0   1   0   0   0   0   0   0   0   0   0   0   0   0   0   0   0   0   1   0   0   0   0   0   0   0   0   0   0   0
          0   1   0   0   0   0   1   1   1   1   1   1   1   1   1   1   1   1   1   0   0   0   0   0   0   0   0   0   0   0
          0   1   0   0   0   0   1   1   0   0   0   0   0   0   0   0   0   0   0   0   0   0   0   0   0   0   0   0   0   0
          0   1   1   1   0   0   1   1   0   0   0   0   0   0   0   0   0   0   0   0   0   0   0   0   0   0   0   0   0   0
          0   1   1   1   0   0   1   1   0   0   0   0   0   0   0   0   0   0   0   0   0   0   0   0   0   0   0   0   0   0
          0   1   1   1   1   1   1   1   0   0   0   0   0   0   0   0   0   0   0   0   0   0   0   0   0   0   0   0   0   0
          0   0   0   0   0   0   0   1   0   0   0   0   0   0   0   0   0   0   0   0   0   0   0   0   0   0   0   0   0   0
      </CollisionLayer>
    <Portals>
      <Item>
        <Name>P1</Name>
        <LandingMapPosition>2 2</LandingMapPosition>
        <DestinationMapContentName>Map004</DestinationMapContentName>
        <DestinationMapPortalName>P17</DestinationMapPortalName>
      </Item>
      <Item>
        <Name>P2</Name>
        <LandingMapPosition>2 3</LandingMapPosition>
        <DestinationMapContentName>Map004</DestinationMapContentName>
        <DestinationMapPortalName>P18</DestinationMapPortalName>
      </Item>
      <Item>
        <Name>P3</Name>
        <LandingMapPosition>2 4</LandingMapPosition>
        <DestinationMapContentName>Map004</DestinationMapContentName>
        <DestinationMapPortalName>P19</DestinationMapPortalName>
      </Item>
      <Item>
        <Name>P4</Name>
        <LandingMapPosition>2 5</LandingMapPosition>
        <DestinationMapContentName>Map004</DestinationMapContentName>
        <DestinationMapPortalName>P20</DestinationMapPortalName>
      </Item>
    </Portals>
    <PortalEntries>
      <Item>
        <ContentName>P1</ContentName>
        <MapPosition>0 2</MapPosition>
      </Item>
      <Item>
        <ContentName>P2</ContentName>
        <MapPosition>0 3</MapPosition>
      </Item>
      <Item>
        <ContentName>P3</ContentName>
        <MapPosition>0 4</MapPosition>
      </Item>
      <Item>
        <ContentName>P4</ContentName>
        <MapPosition>0 5</MapPosition>
      </Item>
    </PortalEntries>
    <ChestEntries />
    <FixedCombatEntries />
    <RandomCombat>
      <CombatProbability>0</CombatProbability>
      <FleeProbability>50</FleeProbability>
      <MonsterCountRange>
        <Minimum>1</Minimum>
        <Maximum>3</Maximum>
      </MonsterCountRange>
      <Entries />
    </RandomCombat>
    <QuestNpcEntries />
    <PlayerNpcEntries>
      <Item>
        <ContentName>Vashekk</ContentName>
        <MapPosition>5 19</MapPosition>
        <Direction>NorthWest</Direction>
      </Item>
    </PlayerNpcEntries>
    <InnEntries />
    <StoreEntries />
  </Asset>
</XnaContent>