﻿<?xml version="1.0" encoding="utf-8"?>
<XnaContent>
  <Asset Type="RolePlayingGameData.Map">
    <Name>Map010</Name>
    <MapDimensions>21 22</MapDimensions>
    <TileSize>30 30</TileSize>
    <SpawnMapPosition>10 16</SpawnMapPosition>
    <TextureName>DungeonTiles</TextureName>
    <CombatTextureName>CombatBkgdDungeon</CombatTextureName>
    <MusicCueName>DungeonTheme</MusicCueName>
    <CombatMusicCueName>BattleTheme</CombatMusicCueName>
    <BaseLayer>
          -1   3   3   3   3   3   3   3   3   3   3   3   3   3   3   3   3   3   3   3   7
          0  -1  -1  -1  -1  -1  -1  -1  -1  -1  -1  -1  -1  -1  -1  -1  -1  -1  -1  -1   1
          0  -1  -1  -1  12  -1  -1  12  -1  -1  -1  -1  -1  12  -1  -1  12  -1  -1  -1   1
          0  -1  -1  -1  -1  -1  -1  -1  -1  -1  -1  -1  -1  -1  -1  -1  -1  -1  -1  -1   1
          0  -1  12  -1  85  86  86  86  86  70  74  71  86  86  86  86  86  -1  -1  -1   1
          0  -1  -1  -1  83  82  82  82  82  77  69  76  82  82  82  82  82  -1  -1  -1   1
          0  -1  -1  19  83  82  82  82  82  77  69  76  82  82  82  82  82  19  -1  -1   1
          0  -1  -1  19  83  82  82  82  82  77  69  76  82  82  82  82  82  19  -1  -1   1
          0  -1  -1  19  83  82  82  82  82  77  69  76  82  82  82  82  82  19  -1  -1   1
          0  -1  12  -1  83  82  82  82  82  77  69  76  82  82  82  82  82  -1  19  -1   1
          0  -1  -1  -1  70  74  74  74  74  79  69  76  82  82  82  82  82  -1  -1  -1   1
          0  -1  -1  -1  77  69  69  69  69  69  69  76  82  82  82  82  82  -1  -1  -1   1
          0  -1  -1  -1  72  75  75  75  75  81  69  76  82  82  82  82  82  -1  19  -1   1
          0  -1  12  -1  83  82  82  82  82  77  69  76  82  82  82  82  82  19  -1  -1   1
          0  -1  -1  19  83  82  82  82  82  77  69  76  82  82  82  82  82  19  -1  -1   1
          0  -1  -1  19  83  82  82  82  82  77  69  76  82  82  82  82  82  19  -1  -1   1
          0  -1  -1  19  83  82  82  82  82  77  69  76  82  82  82  82  82  -1  -1  -1   1
          0  -1  12  -1  88  89  89  89  89  72  75  73  82  82  82  82  82  -1  -1  -1   1
          0  -1  -1  -1  -1  -1  -1  -1  -1  -1  -1  -1  -1  -1  -1  -1  -1  -1  -1  -1   1
          0  -1  -1  -1  12  -1  -1  -1  -1  -1  -1  -1  -1  -1  -1  -1  12  -1  -1  -1   1
          0  -1  -1  -1  -1  -1  -1  -1  -1  -1  -1  -1  -1  -1  -1  -1  -1  -1  -1  -1   1
          4   2   2   2   2   2   2   2   2   2   2   2   2   2   2   2   2   2   2   2   5
      </BaseLayer>
    <FringeLayer>
          6  -1  -1  -1  -1  -1  -1  -1  -1  -1  -1  -1  -1  -1  -1  -1  -1  -1  -1  -1  -1
          -1  59  60  37  11  11  11  11  11  95  96  97  11  11  11  11  11  48  59  60  -1
          -1  53  54  36 153  66  66 150 174  98 136 100 174 149  66  66 153  49  53  54  -1
          -1  33  34  35  14  14  14 129 132  99 137 101 132 129  14  14  14  50  51  52  -1
          -1  18 155  20  -1  -1  -1  -1  -1  -1  -1  -1  -1  -1  -1  -1  -1  29 156  27  -1
          -1  18  19  20  -1  -1  -1  -1  -1  -1  -1  -1  -1  -1  -1  -1  -1  29  28  27  -1
          -1  18  19 130  -1  -1  -1  -1  -1  -1  -1  -1  -1  -1  -1  -1  -1 131  28  27  -1
          -1  18  19 130  -1  -1  -1  -1  -1  -1  -1  -1  -1  -1  -1  -1  -1 131  28  27  -1
          -1  18  19 130  -1  -1  -1  -1  -1  -1  -1  -1  -1  -1  -1  -1  -1 131  28  27  -1
          -1  18 177  20  -1  -1  -1  -1  -1  -1  -1  -1  -1  -1  -1  -1  -1  29 151  27  -1
          -1 116 117 118  -1  -1  -1  -1  -1  -1  -1  -1  -1  -1  -1  -1  -1  29 179  27  -1
          -1 112 102 119  -1  -1  -1  -1  -1  -1  -1  -1  -1  -1  -1  -1  -1  29 179  27  -1
          -1 113 114 115  -1  -1  -1  -1  -1  -1  -1  -1  -1  -1  -1  -1  -1  29 149  27  -1
          -1  18 177  20  -1  -1  -1  -1  -1  -1  -1  -1  -1  -1  -1  -1  -1 131  28  27  -1
          -1  18  19 130  -1  -1  -1  -1  -1  -1  -1  -1  -1  -1  -1  -1  -1 131  28  27  -1
          -1  18  19 130  -1  -1  -1  -1  -1  -1  -1  -1  -1  -1  -1  -1  -1 131  28  27  -1
          -1  18  19 130  -1  -1  -1  -1  -1  -1  -1  -1  -1  -1  -1  -1  -1  29  28  27  -1
          -1  18 155  20  -1  -1  -1  -1  -1  -1  -1  -1  -1  -1  -1  -1  -1  29 156  27  -1
          -1  40  41  42  23  23  23  23  23 107 109 111  23  23  23  23  23  45  46  47  -1
          -1  59  60  39 154  65  65 175 175 108 102 110 175 175  65  65 154  44  59  60  -1
          -1  53  54  38  21  21  21  21  21 104 105 106  21  21  21  21  21  43  53  54  -1
          -1  -1  -1  -1  -1  -1  -1  -1  -1  -1  -1  -1  -1  -1  -1  -1  -1  -1  -1  -1  -1
      </FringeLayer>
    <ObjectLayer>
          -1  -1  -1  -1  -1  -1  -1  -1  -1  -1  -1  -1  -1  -1  -1  -1  -1  -1  -1  -1  -1
          -1  -1  -1  -1  -1  -1  -1  -1  -1  -1  -1  -1  -1  -1  -1  -1  -1  -1  -1  -1  -1
          -1  -1  -1  -1  -1  -1  -1  -1  -1  -1  -1  -1  -1  -1  -1  -1  -1  -1  -1  -1  -1
          -1  -1  -1  -1  -1  -1  -1  -1  -1  -1  -1  -1  -1  -1  -1  -1  -1  -1  -1  -1  -1
          -1  -1  -1  -1  -1  -1  -1  -1  -1  -1  -1  -1  -1  -1  -1  -1  -1  -1  -1  -1  -1
          -1  -1  -1  -1  -1  -1  -1  -1  -1  -1  -1  -1  -1  -1  -1  -1  -1  -1  -1  -1  -1
          -1  -1  -1  -1  -1  -1  -1  -1  -1  -1  -1  -1  -1  -1  -1  -1  -1  -1  -1  -1  -1
          -1  -1  -1  -1  -1  -1  -1  -1  -1  -1  -1  -1  -1  -1  -1  -1  -1  -1  -1  -1  -1
          -1  -1  -1  -1  -1  -1  -1  -1  -1  -1  -1  -1  -1  -1  -1  -1  -1  -1  -1  -1  -1
          -1  -1  -1  -1  -1  -1  -1  -1  -1  -1  -1  -1  -1  -1  -1  -1  -1  -1  -1  -1  -1
          -1  -1  -1  -1  -1  -1  -1  -1  -1  -1  -1  -1  -1  -1  -1  -1  -1  -1  -1  -1  -1
          -1  -1  -1  -1  -1  -1  -1  -1  -1  -1  -1  -1  -1  -1  -1  -1  -1  -1  -1  -1  -1
          -1  -1  -1  -1  -1  -1  -1  -1  -1  -1  -1  -1  -1  -1  -1  -1  -1  -1  -1  -1  -1
          -1  -1  -1  -1  -1  -1  -1  -1  -1  -1  -1  -1  -1  -1  -1  -1  -1  -1  -1  -1  -1
          -1  -1  -1  -1  -1  -1  -1  -1  -1  -1  -1  -1  -1  -1  -1  -1  -1  -1  -1  -1  -1
          -1  -1  -1  -1  -1  -1  -1  -1  -1  -1  -1  -1  -1  -1  -1  -1  -1  -1  -1  -1  -1
          -1  -1  -1  -1  -1  -1  -1  -1  -1  -1  -1  -1  -1  -1  -1  -1  -1  -1  -1  -1  -1
          -1  -1  -1  -1  -1  -1  -1  -1  -1  -1  -1  -1  -1  -1  -1  -1  -1  -1  -1  -1  -1
          -1  -1  -1  -1  -1  -1  -1  -1  -1  -1  -1  -1  -1  -1  -1  -1  -1  -1  -1  -1  -1
          -1  -1  -1  -1  -1  -1  -1  -1  -1  -1  -1  -1  -1  -1  -1  -1  -1  -1  -1  -1  -1
          -1  -1  -1  -1  -1  -1  -1  -1  -1  -1  -1  -1  -1  -1  -1  -1  -1  -1  -1  -1  -1
          -1  -1  -1  -1  -1  -1  -1  -1  -1  -1  -1  -1  -1  -1  -1  -1  -1  -1  -1  -1  -1
      </ObjectLayer>
    <CollisionLayer>
          0   0   0   0   0   0   0   0   0   0   0   0   0   0   0   0   0   0   0   0   0
          0   0   0   0   0   0   0   0   0   0   0   0   0   0   0   0   0   0   0   0   0
          0   0   0   0   0   0   0   0   0   0   0   0   0   0   0   0   0   0   0   0   0
          0   0   0   1   1   1   1   1   1   1   1   1   1   1   1   1   1   1   0   0   0
          0   0   0   1   0   0   0   0   0   0   0   0   0   0   0   0   0   1   0   0   0
          0   0   0   1   0   0   0   0   0   0   0   0   0   0   0   0   0   1   0   0   0
          0   0   0   1   0   0   0   0   0   0   0   0   0   0   0   0   0   1   0   0   0
          0   0   0   1   0   0   0   0   0   0   0   0   0   0   0   0   0   1   0   0   0
          0   0   0   1   0   0   0   0   0   0   0   0   0   0   0   0   0   1   0   0   0
          0   0   0   1   0   0   0   0   0   0   0   0   0   0   0   0   0   1   0   0   0
          0   0   0   1   0   0   0   0   0   0   0   0   0   0   0   0   0   1   0   0   0
          0   0   0   0   0   0   0   0   0   0   0   0   0   0   0   0   0   1   0   0   0
          0   0   0   1   0   0   0   0   0   0   0   0   0   0   0   0   0   1   0   0   0
          0   0   0   1   0   0   0   0   0   0   0   0   0   0   0   0   0   1   0   0   0
          0   0   0   1   0   0   0   0   0   0   0   0   0   0   0   0   0   1   0   0   0
          0   0   0   1   0   0   0   0   0   0   0   0   0   0   0   0   0   1   0   0   0
          0   0   0   1   0   0   0   0   0   0   0   0   0   0   0   0   0   1   0   0   0
          0   0   0   1   0   0   0   0   0   0   0   0   0   0   0   0   0   1   0   0   0
          0   0   0   1   1   1   1   1   1   1   0   1   1   1   1   1   1   1   0   0   0
          0   0   0   0   0   0   0   0   0   0   0   0   0   0   0   0   0   0   0   0   0
          0   0   0   0   0   0   0   0   0   0   0   0   0   0   0   0   0   0   0   0   0
          0   0   0   0   0   0   0   0   0   0   0   0   0   0   0   0   0   0   0   0   0
      </CollisionLayer>
    <Portals>
      <Item>
        <Name>P1</Name>
        <LandingMapPosition>10 16</LandingMapPosition>
        <DestinationMapContentName>Map009</DestinationMapContentName>
        <DestinationMapPortalName>P6</DestinationMapPortalName>
      </Item>
      <Item>
        <Name>P2</Name>
        <LandingMapPosition>5 11</LandingMapPosition>
        <DestinationMapContentName>Map011</DestinationMapContentName>
        <DestinationMapPortalName>P1</DestinationMapPortalName>
      </Item>
    </Portals>
    <PortalEntries>
      <Item>
        <ContentName>P1</ContentName>
        <MapPosition>10 18</MapPosition>
      </Item>
      <Item>
        <ContentName>P2</ContentName>
        <MapPosition>3 11</MapPosition>
      </Item>
    </PortalEntries>
    <ChestEntries />
    <FixedCombatEntries />
    <RandomCombat>
      <CombatProbability>10</CombatProbability>
      <FleeProbability>50</FleeProbability>
      <MonsterCountRange>
        <Minimum>3</Minimum>
        <Maximum>5</Maximum>
      </MonsterCountRange>
      <Entries>
        <Item>
          <ContentName>OrcBrute</ContentName>
          <Count>5</Count>
          <Weight>100</Weight>
        </Item>
        <Item>
          <ContentName>BanditLeader</ContentName>
          <Count>2</Count>
          <Weight>100</Weight>
        </Item>
        <Item>
          <ContentName>BanditMaster</ContentName>
          <Count>1</Count>
          <Weight>70</Weight>
        </Item>
      </Entries>
    </RandomCombat>
    <QuestNpcEntries />
    <PlayerNpcEntries />
    <InnEntries />
    <StoreEntries />
  </Asset>
</XnaContent>