﻿<?xml version="1.0" encoding="utf-8"?>
<XnaContent>
  <Asset Type="RolePlayingGameData.Armor">
    <Name>Leather Armor</Name>
    <Description>This armor set is made out of hardened leather with additional magical protection.</Description>
    <GoldValue>450</GoldValue>
    <IsDroppable>true</IsDroppable>
    <MinimumCharacterLevel>2</MinimumCharacterLevel>
    <SupportedClasses>
      <Item>Warrior</Item>
      <Item>Paladin</Item>
      <Item>Barbarian</Item>
    </SupportedClasses>
    <IconTextureName>Torso08c</IconTextureName>
    <OwnerBuffStatistics>
      <MagicalDefense>5</MagicalDefense>
    </OwnerBuffStatistics>
    <Slot>Torso</Slot>
    <OwnerHealthDefenseRange>
      <Minimum>3</Minimum>
      <Maximum>6</Maximum>
    </OwnerHealthDefenseRange>
    <OwnerMagicDefenseRange>
      <Minimum>3</Minimum>
      <Maximum>5</Maximum>
    </OwnerMagicDefenseRange>
  </Asset>
</XnaContent>