﻿<?xml version="1.0" encoding="utf-8"?>
<XnaContent>
  <Asset Type="RolePlayingGameData.Armor">
    <Name>Mage Hood</Name>
    <Description>This set provides magical protection for spellcasters.</Description>
    <GoldValue>400</GoldValue>
    <IsDroppable>true</IsDroppable>
    <MinimumCharacterLevel>3</MinimumCharacterLevel>
    <SupportedClasses>
      <Item>Wizard</Item>
      <Item>Red Mage</Item>
    </SupportedClasses>
    <IconTextureName>Hood01a</IconTextureName>
    <OwnerBuffStatistics>
      <MagicPoints>10</MagicPoints>
    </OwnerBuffStatistics>
    <Slot>Helmet</Slot>
    <OwnerHealthDefenseRange>
      <Minimum>4</Minimum>
      <Maximum>6</Maximum>
    </OwnerHealthDefenseRange>
    <OwnerMagicDefenseRange>
      <Minimum>6</Minimum>
      <Maximum>8</Maximum>
    </OwnerMagicDefenseRange>
  </Asset>
</XnaContent>