﻿<?xml version="1.0" encoding="utf-8"?>
<XnaContent>
  <Asset Type="RolePlayingGameData.Armor">
    <Name>Magic Robe</Name>
    <Description>This set provides superior magical protection for spellcasters.</Description>
    <GoldValue>600</GoldValue>
    <IsDroppable>true</IsDroppable>
    <MinimumCharacterLevel>5</MinimumCharacterLevel>
    <SupportedClasses>
      <Item>Wizard</Item>
      <Item>Red Mage</Item>
    </SupportedClasses>
    <IconTextureName>Torso05c</IconTextureName>
    <OwnerBuffStatistics>
      <MagicPoints>20</MagicPoints>
      <MagicalOffense>5</MagicalOffense>
    </OwnerBuffStatistics>
    <Slot>Torso</Slot>
    <OwnerHealthDefenseRange>
      <Minimum>8</Minimum>
      <Maximum>12</Maximum>
    </OwnerHealthDefenseRange>
    <OwnerMagicDefenseRange>
      <Minimum>15</Minimum>
      <Maximum>20</Maximum>
    </OwnerMagicDefenseRange>
  </Asset>
</XnaContent>