﻿<?xml version="1.0" encoding="utf-8"?>
<XnaContent>
  <Asset Type="RolePlayingGameData.Armor">
    <Name>Robe</Name>
    <Description>This set provides magical protection for spellcasters.</Description>
    <GoldValue>500</GoldValue>
    <IsDroppable>true</IsDroppable>
    <MinimumCharacterLevel>3</MinimumCharacterLevel>
    <SupportedClasses>
      <Item>Wizard</Item>
      <Item>Red Mage</Item>
    </SupportedClasses>
    <IconTextureName>Torso06a</IconTextureName>
    <Slot>Torso</Slot>
    <OwnerHealthDefenseRange>
      <Minimum>5</Minimum>
      <Maximum>8</Maximum>
    </OwnerHealthDefenseRange>
    <OwnerMagicDefenseRange>
      <Minimum>10</Minimum>
      <Maximum>15</Maximum>
    </OwnerMagicDefenseRange>
  </Asset>
</XnaContent>