﻿<?xml version="1.0" encoding="utf-8"?>
<XnaContent>
  <Asset Type="RolePlayingGameData.Armor">
    <Name>Sage Robe</Name>
    <Description>The set provides the maxmium magical protection for spellcasters.</Description>
    <GoldValue>750</GoldValue>
    <IsDroppable>true</IsDroppable>
    <MinimumCharacterLevel>6</MinimumCharacterLevel>
    <SupportedClasses>
      <Item>Wizard</Item>
      <Item>Red Mage</Item>
    </SupportedClasses>
    <IconTextureName>Torso05a</IconTextureName>
    <OwnerBuffStatistics>
      <MagicPoints>25</MagicPoints>
      <MagicalOffense>10</MagicalOffense>
      <MagicalDefense>5</MagicalDefense>
    </OwnerBuffStatistics>
    <Slot>Torso</Slot>
    <OwnerHealthDefenseRange>
      <Minimum>12</Minimum>
      <Maximum>16</Maximum>
    </OwnerHealthDefenseRange>
    <OwnerMagicDefenseRange>
      <Minimum>20</Minimum>
      <Maximum>25</Maximum>
    </OwnerMagicDefenseRange>
  </Asset>
</XnaContent>