﻿<?xml version="1.0" encoding="utf-8"?>
<ArrayOfCategoryInformation xmlns:xsi="http://www.w3.org/2001/XMLSchema-instance" xmlns:xsd="http://www.w3.org/2001/XMLSchema">
    <!--UnitGroup_Length-->
    <CategoryInformation>
        
        <Category>UnitGroup_Length</Category>
        <Units>
            <UnitInformation>
                <ResourceName>Units_Length_Inches</ResourceName>
                <Multiplier>0.08333333333333333333333333333333</Multiplier>
                <Offset>0</Offset>
            </UnitInformation>
            <UnitInformation>
                <ResourceName>Units_Length_Feet</ResourceName>
                <Multiplier>1</Multiplier>
                <Offset>0</Offset>
            </UnitInformation>
            <UnitInformation>
                <ResourceName>Units_Length_Yards</ResourceName>
                <Multiplier>3</Multiplier>
                <Offset>0</Offset>
            </UnitInformation>
            <UnitInformation>
                <ResourceName>Units_Length_Miles</ResourceName>
                <Multiplier>5280</Multiplier>
                <Offset>0</Offset>
            </UnitInformation>
            <UnitInformation>
                <ResourceName>Units_Length_Millimeters</ResourceName>
                <Multiplier>.00328083989</Multiplier>
                <Offset>0</Offset>
            </UnitInformation>
            <UnitInformation>
                <ResourceName>Units_Length_Centimeters</ResourceName>
                <Multiplier>.0328083989</Multiplier>
                <Offset>0</Offset>
            </UnitInformation>
            <UnitInformation>
                <ResourceName>Units_Length_Meters</ResourceName>
                <Multiplier>3.28083989</Multiplier>
                <Offset>0</Offset>
            </UnitInformation>
            <UnitInformation>
                <ResourceName>Units_Length_Kilometers</ResourceName>
                <Multiplier>3280.83989</Multiplier>
                <Offset>0</Offset>
            </UnitInformation>
        </Units>
    </CategoryInformation>
    <!--UnitGroup_Temp-->
    <CategoryInformation>
        <Category>UnitGroup_Temp</Category>
        <Units>
            <UnitInformation>
                <ResourceName>Units_Temp_Kelvin</ResourceName>
                <Multiplier>1</Multiplier>
                <Offset>-273.15</Offset>
            </UnitInformation>
            <UnitInformation>
                <ResourceName>Units_Temp_Celsius</ResourceName>
                <Multiplier>1</Multiplier>
                <Offset>0</Offset>
            </UnitInformation>
            <UnitInformation>
                <ResourceName>Units_Temp_Fahrenheit</ResourceName>
                <Multiplier>0.55555555555556</Multiplier>
                <Offset>32</Offset>
                <FormulaInvert>true</FormulaInvert>
            </UnitInformation>
        </Units>
    </CategoryInformation>
    <!--UnitGroup_Speed-->
    <CategoryInformation>
        <Category>UnitGroup_Speed</Category>
        <Units>
            <UnitInformation>
                <ResourceName>Units_Speed_KilometerPerHour</ResourceName>
                <Multiplier>1</Multiplier>
                <Offset>0</Offset>
            </UnitInformation>
            <UnitInformation>
                <ResourceName>Units_Speed_MilesPerHour</ResourceName>
                <Multiplier>1.609344</Multiplier>
                <Offset>0</Offset>
            </UnitInformation>
        </Units>
    </CategoryInformation>
    <!--UnitGroup_Time-->
    <CategoryInformation>
        <Category>UnitGroup_Time</Category>
        <Units>
            <UnitInformation>
                <ResourceName>Units_Time_Milliseconds</ResourceName>
                <Multiplier>.001</Multiplier>
                <Offset>0</Offset>
            </UnitInformation>
            <UnitInformation>
                <ResourceName>Units_Time_Seconds</ResourceName>
                <Multiplier>1</Multiplier>
                <Offset>0</Offset>
            </UnitInformation>
            <UnitInformation>
                <ResourceName>Units_Time_Minutes</ResourceName>
                <Multiplier>60</Multiplier>
                <Offset>0</Offset>
            </UnitInformation>
            <UnitInformation>
                <ResourceName>Units_Time_Hours</ResourceName>
                <Multiplier>3600</Multiplier>
                <Offset>0</Offset>
            </UnitInformation>
            <UnitInformation>
                <ResourceName>Units_Time_Days</ResourceName>
                <Multiplier>86400</Multiplier>
                <Offset>0</Offset>
            </UnitInformation>
            <UnitInformation>
                <ResourceName>Units_Time_Years</ResourceName>
                <Multiplier>31536000</Multiplier>
                <Offset>0</Offset>
            </UnitInformation>
        </Units>
    </CategoryInformation>
    <!--UnitGroup_Volume-->
    <CategoryInformation>
        <Category>UnitGroup_Volume</Category>
        <Units>
            <UnitInformation>
                <ResourceName>Units_Volume_Ounces</ResourceName>
                <Multiplier>1</Multiplier>
                <Offset>0</Offset>
            </UnitInformation>
            <UnitInformation>
                <ResourceName>Units_Volume_Imperial_Ounces</ResourceName>
                <Multiplier>0.96076</Multiplier>
                <Offset>0</Offset>
            </UnitInformation>
            <UnitInformation>
                <ResourceName>Units_Volume_Cups</ResourceName>
                <Multiplier>8</Multiplier>
                <Offset>0</Offset>
            </UnitInformation>
            <UnitInformation>
                <ResourceName>Units_Volume_Imperial_Pints</ResourceName>
                <Multiplier>19.215</Multiplier>
                <Offset>0</Offset>
            </UnitInformation>
            <UnitInformation>
                <ResourceName>Units_Volume_Quarts</ResourceName>
                <Multiplier>32</Multiplier>
                <Offset>0</Offset>
            </UnitInformation>
            <UnitInformation>
                <ResourceName>Units_Volume_Gallons</ResourceName>
                <Multiplier>128</Multiplier>
                <Offset>0</Offset>
            </UnitInformation>
            <UnitInformation>
                <ResourceName>Units_Volume_Imperial_Gallons</ResourceName>
                <Multiplier>153.72159046 </Multiplier>
                <Offset>0</Offset>
            </UnitInformation>            
            <UnitInformation>
                <ResourceName>Units_Volume_Liters</ResourceName>
                <!--1.0 / (3.78541178 * (1.0 / 128.0)-->
                <Multiplier>33.81402274</Multiplier>
                <Offset>0</Offset>
            </UnitInformation>
        </Units>
    </CategoryInformation>
    <!--UnitGroup_Angle-->
    <CategoryInformation>
        <Category>UnitGroup_Angle</Category>
        <Units>
            <UnitInformation>
                <ResourceName>Units_Angle_Degrees</ResourceName>
                <Multiplier>1</Multiplier>
                <Offset>0</Offset>
            </UnitInformation>
            <UnitInformation>
                <ResourceName>Units_Angle_Radians</ResourceName>
                <!--1.0 / ((Math.PI * 2) / 360-->
                <Multiplier>57.29577951 </Multiplier>
                <Offset>0</Offset>
            </UnitInformation>
        </Units>
    </CategoryInformation>
    <!--UnitGroup_Weight-->
    <CategoryInformation>
        <Category>UnitGroup_Weight</Category>
        <Units>
            <UnitInformation>
                <ResourceName>Units_Weight_Ounces</ResourceName>
                <!--1/16-->
                <Multiplier>0.0625</Multiplier>
                <Offset>0</Offset>
            </UnitInformation>
            <UnitInformation>
                <ResourceName>Units_Weight_Pounds</ResourceName>
                <Multiplier>1</Multiplier>
                <Offset>0</Offset>
            </UnitInformation>
            <UnitInformation>
                <ResourceName>Units_Weight_Tons</ResourceName>
                <Multiplier>2000</Multiplier>
                <Offset>0</Offset>
            </UnitInformation>
            <UnitInformation>
                <ResourceName>Units_Weight_MetricTons</ResourceName>
                <Multiplier>2204.62262184</Multiplier>
                <Offset>0</Offset>
            </UnitInformation>
            <UnitInformation>
                <ResourceName>Units_Weight_ImperialTons</ResourceName>
                <Multiplier>2240</Multiplier>
                <Offset>0</Offset>
            </UnitInformation>
            <UnitInformation>
                <ResourceName>Units_Weight_Grams</ResourceName>
                <Multiplier>.00220462262</Multiplier>
                <Offset>0</Offset>
            </UnitInformation>
            <UnitInformation>
                <ResourceName>Units_Weight_Kilograms</ResourceName>
                <Multiplier>2.20462262</Multiplier>
                <Offset>0</Offset>
            </UnitInformation>
        </Units>
    </CategoryInformation>
       <!--UnitGroup_Area-->
    <CategoryInformation>
        <Category>UnitGroup_Area</Category>
        <Units>
            <UnitInformation>
                <ResourceName>Units_Area_SqInch</ResourceName>
                <Multiplier>1</Multiplier>
                <Offset>0</Offset>
            </UnitInformation>
            <UnitInformation>
                <ResourceName>Units_Area_SqFeet</ResourceName>
                <Multiplier>144.0</Multiplier>
                <Offset>0</Offset>
            </UnitInformation>
            <UnitInformation>
                <ResourceName>Units_Area_SqYard</ResourceName>
                <Multiplier>1296</Multiplier>
                <Offset>0</Offset>
            </UnitInformation>
            <UnitInformation>
                <ResourceName>Units_Area_Acre</ResourceName>
                <Multiplier>6272640.0</Multiplier>
                <Offset>0</Offset>
            </UnitInformation>
            <UnitInformation>
                <ResourceName>Units_Area_SqMile</ResourceName>
                <!--SquareInchesPerSquareFeet * 5280 * 5280-->
                <Multiplier>4014489600</Multiplier>
                <Offset>0</Offset>
            </UnitInformation>
            <UnitInformation>
                <ResourceName>Units_Area_SqMilimeter</ResourceName>
                <!--Math.Pow(LengthUnits.FeetPerMeter * 12 * .001, 2)-->
                <Multiplier>0.001550003095</Multiplier>
                <Offset>0</Offset>
            </UnitInformation>
            <UnitInformation>
                <ResourceName>Units_Area_SqCentimeter</ResourceName>
                <!--Math.Pow(LengthUnits.FeetPerMeter * 12 * .01, 2)-->
                <Multiplier>0.155000309527</Multiplier>
                <Offset>0</Offset>
            </UnitInformation>
            <UnitInformation>
                <ResourceName>Units_Area_SqMeter</ResourceName>
                <!--Math.Pow(LengthUnits.FeetPerMeter * 12, 2)-->
                <Multiplier>1550.003095269390</Multiplier>
                <Offset>0</Offset>
            </UnitInformation>

        </Units>
    </CategoryInformation>
</ArrayOfCategoryInformation>